"Name","Team","W","L","SV","HLD","ERA","GS","G","IP","H","ER","HR","SO","BB","WHIP","K/9","BB/9","FIP","WAR","playerid"
"Edwin Diaz","Mets","3","1","22","4","2.53","0","43","43.0","29","12","4","67","14","0.99","13.95","2.86","2.50","1.3","14710"
"Aroldis Chapman","Yankees","3","1","8","12","2.58","0","43","43.0","28","12","4","67","19","1.09","13.98","3.96","2.65","1.4","10233"
"Felipe Vazquez","Pirates","2","1","22","3","2.82","0","44","44.0","34","14","4","57","15","1.12","11.77","3.05","2.75","1.2","12076"
"Will Smith","Giants","2","2","22","4","2.88","0","44","44.0","34","14","4","59","14","1.10","12.07","2.93","2.77","1.1","8048"
"Josh Hader","Brewers","3","2","16","5","2.82","0","43","43.0","26","13","6","73","18","1.06","15.41","3.91","2.83","1.2","14212"
"Kirby Yates","Padres","3","2","21","3","2.91","0","43","43.0","32","14","5","62","15","1.09","13.09","3.11","2.87","1.1","9073"
"Craig Kimbrel","","3","2","7","0","2.94","0","55","55.0","37","18","6","84","23","1.10","13.73","3.83","2.89","1.6","6655"
"Ken Giles","Blue Jays","2","1","22","2","3.26","0","43","43.0","37","16","4","54","12","1.14","11.40","2.59","2.90","1.2","12910"
"Chris Sale","Red Sox","11","4","0","0","3.00","21","21","132.0","105","44","15","171","29","1.02","11.69","2.00","2.90","3.6","10603"
"Ryan Pressly","Astros","2","1","3","9","3.00","0","46","46.0","37","15","4","56","13","1.11","11.10","2.62","2.93","1.0","7005"
"Jacob deGrom","Mets","9","5","0","0","3.00","21","21","130.0","108","43","14","157","33","1.08","10.84","2.27","2.94","3.4","10954"
"Max Scherzer","Nationals","10","5","0","0","3.01","21","21","139.0","108","46","16","182","35","1.03","11.76","2.26","2.94","3.8","3137"
"Dellin Betances","Yankees","1","1","0","2","2.94","0","23","23.0","15","8","2","35","11","1.13","13.56","4.19","2.95","0.2","6216"
"Gerrit Cole","Astros","10","5","0","0","3.24","21","21","129.0","104","46","15","165","37","1.10","11.54","2.56","3.08","3.3","13125"
"Matt Barnes","Red Sox","3","2","4","11","3.29","0","43","43.0","34","16","4","60","19","1.23","12.60","4.00","3.12","0.8","12863"
"Jose Alvarado","Rays","3","2","22","1","3.02","0","44","44.0","33","15","3","57","23","1.27","11.64","4.59","3.13","0.8","17780"
"Brett Kennedy","Padres","0","0","0","0","0.00","0","0","0.0","0","0","0","0","0","0.00","0.00","0.00","3.16","0.0","17877"
"Kyle Dohy","Phillies","0","0","0","0","0.00","0","0","0.0","0","0","0","0","0","0.00","0.00","0.00","3.16","0.0","sa3004861"
"Kyle Kubat","White Sox","0","0","0","0","0.00","0","0","0.0","0","0","0","0","0","0.00","0.00","0.00","3.16","0.0","sa827380"
"Walker Lockett","Mets","0","0","0","0","0.00","0","0","0.0","0","0","0","0","0","0.00","0.00","0.00","3.16","0.0","13804"
"Blake Treinen","Athletics","3","2","19","3","3.11","0","46","46.0","38","16","4","50","17","1.21","9.90","3.37","3.18","1.0","12572"
"Blake Snell","Rays","10","6","0","0","3.10","21","21","122.0","97","42","12","152","46","1.17","11.23","3.38","3.19","2.8","13543"
"Giovanny Gallegos","Cardinals","2","1","0","7","3.26","0","30","30.0","25","11","4","39","9","1.13","11.58","2.75","3.19","0.3","14986"
"Brad Hand","Indians","3","2","21","3","3.12","0","47","47.0","36","16","5","62","17","1.14","11.94","3.21","3.19","1.0","9111"
"Liam Hendriks","Athletics","2","1","0","6","3.36","0","33","33.0","28","12","3","38","11","1.19","10.45","3.10","3.21","0.3","3548"
"David Robertson","Phillies","1","1","1","0","3.28","0","13","13.0","10","5","1","18","6","1.18","12.13","3.72","3.22","0.1","8241"
"Noah Syndergaard","Mets","8","6","0","0","3.46","21","21","126.0","118","48","13","132","31","1.18","9.47","2.23","3.22","2.8","11762"
"Stephen Strasburg","Nationals","9","6","0","0","3.40","20","20","123.0","108","47","14","144","34","1.14","10.47","2.45","3.25","2.7","10131"
"Keone Kela","Pirates","3","2","1","11","3.39","0","40","40.0","33","15","4","51","15","1.19","11.26","3.39","3.25","0.7","14696"
"Diego Castillo","Rays","3","2","3","10","3.24","0","44","44.0","36","16","5","53","15","1.18","10.81","3.14","3.26","0.8","17496"
"Roberto Osuna","Astros","3","2","21","3","3.30","0","43","43.0","37","16","5","46","9","1.08","9.75","1.82","3.26","1.0","13764"
"Kenley Jansen","Dodgers","3","2","21","5","3.21","0","43","43.0","34","15","6","55","10","1.04","11.52","2.18","3.28","0.8","3096"
"Clayton Kershaw","Dodgers","9","5","0","0","3.22","20","20","129.0","116","46","15","131","24","1.08","9.11","1.66","3.29","2.7","2036"
"James Paxton","Yankees","8","5","0","0","3.42","18","18","106.0","91","40","13","126","30","1.14","10.71","2.57","3.31","2.8","11828"
"Will Harris","Astros","2","1","0","9","3.46","0","39","39.0","35","15","4","40","11","1.19","9.26","2.62","3.31","0.4","3192"
"Zack Britton","Yankees","2","1","1","11","3.13","0","40","40.0","35","14","3","39","16","1.29","8.76","3.68","3.34","0.7","3240"
"Corey Kluber","Indians","2","1","0","0","3.43","3","3","20.0","18","8","2","21","5","1.12","9.49","2.02","3.34","0.5","2429"
"Danny Salazar","Indians","1","1","0","0","3.31","1","18","23.0","18","8","3","30","8","1.14","11.62","3.15","3.35","0.2","5867"
"Andrew Miller","Cardinals","3","2","1","10","3.33","0","37","37.0","30","14","4","49","14","1.19","11.83","3.46","3.36","0.4","6785"
"Ray Black","Giants","1","1","0","2","3.24","0","24","24.0","17","8","2","32","12","1.24","12.42","4.65","3.36","0.1","14244"
"Joakim Soria","Athletics","3","2","1","11","3.42","0","43","43.0","38","16","4","45","15","1.24","9.48","3.12","3.36","0.7","6941"
"Justin Verlander","Astros","11","5","0","0","3.31","21","21","133.0","107","49","19","164","32","1.05","11.04","2.19","3.36","3.1","8700"
"Jake Diekman","Royals","1","1","0","7","3.28","0","30","30.0","23","11","2","37","15","1.28","11.13","4.52","3.37","0.3","5003"
"Taylor Rogers","Twins","2","1","3","10","3.40","0","43","43.0","39","16","4","47","13","1.20","9.69","2.72","3.39","0.8","13449"
"Walker Buehler","Dodgers","8","5","0","0","3.37","19","19","112.0","97","42","13","126","34","1.17","10.15","2.72","3.40","2.0","19374"
"Reyes Moronta","Giants","3","2","3","9","3.35","0","44","44.0","33","16","4","58","24","1.30","11.94","5.01","3.40","0.5","14966"
"Carlos Carrasco","Indians","10","6","0","0","3.56","21","21","123.0","112","49","17","140","27","1.13","10.21","1.99","3.41","2.7","6632"
"Sean Doolittle","Nationals","3","2","21","4","3.32","0","43","43.0","35","16","6","53","11","1.07","11.08","2.28","3.42","0.8","1581"
"Mark Melancon","Giants","2","2","1","12","3.41","0","44","44.0","42","17","3","38","13","1.27","7.81","2.74","3.43","0.3","4264"
"Chad Green","Yankees","2","1","0","8","3.40","0","37","37.0","31","14","5","46","10","1.12","11.23","2.53","3.44","0.4","15552"
"Colin Poche","Rays","0","0","0","0","3.29","0","3","3.0","3","1","0","5","1","1.18","12.34","3.93","3.45","0.0","sa657989"
"Aaron Loup","Padres","1","1","0","0","3.40","0","17","17.0","15","6","1","18","6","1.30","9.87","3.53","3.45","0.0","10343"
"Jeurys Familia","Mets","3","2","3","9","3.47","0","43","43.0","37","17","3","47","20","1.32","9.68","4.15","3.45","0.5","5114"
"Patrick Corbin","Nationals","8","6","0","0","3.61","20","20","122.0","113","49","14","134","37","1.23","9.93","2.72","3.45","2.4","9323"
"Jose Leclerc","Rangers","3","2","22","2","3.41","0","44","44.0","32","17","4","62","27","1.32","12.74","5.42","3.46","1.0","14524"
"Seranthony Dominguez","Phillies","3","2","5","10","3.45","0","43","43.0","35","17","4","55","20","1.26","11.43","4.10","3.46","0.6","19249"
"Trevor Gott","Giants","1","1","0","0","3.50","0","17","17.0","15","7","1","17","6","1.29","8.83","3.40","3.47","0.0","15046"
"Chris Paddack","Padres","6","5","0","0","3.60","16","16","93.0","85","37","12","103","23","1.15","9.94","2.18","3.48","1.7","20099"
"Tommy Kahnle","Yankees","2","2","1","9","3.59","0","40","40.0","32","16","5","52","18","1.27","11.79","4.16","3.50","0.5","11384"
"Hector Neris","Phillies","2","2","18","4","3.47","0","43","43.0","35","17","6","59","16","1.17","12.20","3.30","3.51","0.7","11804"
"Nick Anderson","Marlins","2","2","1","10","3.49","0","37","37.0","30","14","5","50","15","1.20","12.06","3.67","3.51","0.4","18337"
"Luke Jackson","Braves","2","2","19","3","3.56","0","40","40.0","35","16","3","45","18","1.34","10.30","4.16","3.51","0.5","11752"
"Charlie Morton","Rays","8","5","0","0","3.43","20","20","115.0","98","44","11","131","45","1.24","10.30","3.51","3.52","2.1","4676"
"Aaron Nola","Phillies","8","6","0","0","3.57","21","21","123.0","111","49","14","133","37","1.20","9.77","2.72","3.52","2.4","16149"
"Oliver Drake","Rays","1","1","0","0","3.62","0","20","20.0","18","8","2","23","8","1.27","10.21","3.54","3.53","0.0","8823"
"Justin Wilson","Mets","2","2","0","5","3.48","0","27","27.0","21","10","3","34","13","1.30","11.42","4.50","3.53","0.1","4301"
"A.J. Minter","Braves","1","1","1","1","3.56","0","20","20.0","17","8","2","24","8","1.28","10.83","3.83","3.53","0.0","18655"
"Sam Dyson","Giants","2","2","0","8","3.49","0","36","36.0","34","14","3","31","11","1.28","7.77","2.87","3.53","0.1","11710"
"Jace Fry","White Sox","2","2","1","10","3.62","0","40","40.0","33","16","4","49","20","1.33","10.92","4.48","3.54","0.5","16159"
"Ty Buttrey","Angels","3","2","18","2","3.54","0","43","43.0","37","17","4","49","18","1.28","10.12","3.82","3.55","0.7","14719"
"Hyun-Jin Ryu","Dodgers","8","5","0","0","3.48","19","19","113.0","109","44","15","112","22","1.16","8.92","1.78","3.57","1.9","14444"
"Shane Bieber","Indians","7","5","0","0","3.79","18","18","108.0","107","46","14","106","22","1.19","8.79","1.81","3.58","2.1","19427"
"Raisel Iglesias","Reds","3","2","21","3","3.44","0","43","43.0","36","16","6","52","15","1.18","10.88","3.14","3.58","0.8","17130"
"Archie Bradley","Diamondbacks","3","2","6","9","3.72","0","46","46.0","41","19","5","52","18","1.29","10.10","3.59","3.59","0.5","12918"
"Steven Okert","Giants","0","0","0","0","3.46","0","3","3.0","3","1","0","4","1","1.17","10.10","2.93","3.60","0.0","13580"
"Luis Severino","Yankees","4","2","0","0","3.55","9","9","51.0","44","20","7","58","15","1.15","10.36","2.61","3.60","1.1","15890"
"Trevor Bauer","Indians","9","6","0","0","3.68","22","22","133.0","116","54","15","155","51","1.25","10.50","3.44","3.61","2.6","12703"
"Austin Adams","Mariners","1","1","0","3","3.47","0","23","23.0","17","9","2","32","14","1.35","12.50","5.57","3.62","0.1","13801"
"Julio Urias","Dodgers","2","2","0","1","3.52","4","21","41.0","35","16","5","48","16","1.24","10.35","3.48","3.63","0.4","14765"
"Tyler Glasnow","Rays","5","4","0","0","3.68","13","13","75.0","63","31","8","91","33","1.28","10.91","3.98","3.63","1.3","14374"
"Tony Watson","Giants","3","2","1","9","3.45","0","40","40.0","38","15","4","38","11","1.20","8.38","2.44","3.63","0.2","3132"
"Jeremy Jeffress","Brewers","2","2","2","8","3.53","0","39","39.0","36","15","4","40","16","1.30","9.25","3.58","3.63","0.3","9490"
"Lou Trivino","Athletics","3","2","3","9","3.59","0","46","46.0","40","18","4","48","20","1.30","9.44","3.89","3.65","0.6","15043"
"Mike Soroka","Braves","7","5","0","0","3.66","16","16","93.0","92","38","9","83","27","1.27","8.02","2.61","3.65","1.5","18383"
"German Marquez","Rockies","8","6","0","0","3.88","21","21","125.0","120","54","16","133","33","1.23","9.60","2.41","3.65","2.5","15038"
"Zack Wheeler","Mets","7","6","0","0","3.67","19","19","118.0","108","48","13","122","40","1.25","9.25","3.03","3.65","2.0","10310"
"Andrew Chafin","Diamondbacks","2","2","1","9","3.62","0","36","36.0","32","15","3","39","17","1.35","9.61","4.24","3.66","0.2","12988"
"Craig Stammen","Padres","3","3","3","9","3.79","0","43","43.0","41","18","5","42","11","1.23","8.75","2.35","3.66","0.3","7274"
"Scott Alexander","Dodgers","2","1","0","6","3.53","0","30","30.0","28","12","2","26","11","1.34","7.76","3.40","3.66","0.1","10591"
"Brandon Morrow","Cubs","1","1","1","4","3.66","0","13","13.0","12","5","2","14","5","1.25","9.58","3.15","3.67","0.0","9346"
"Hector Rondon","Astros","2","2","1","10","3.76","0","36","36.0","33","15","4","38","12","1.25","9.47","2.93","3.67","0.3","2391"
"Joe Kelly","Dodgers","2","2","1","9","3.69","0","36","36.0","32","15","3","39","15","1.30","9.57","3.77","3.67","0.2","9761"
"Joe Jimenez","Tigers","3","2","3","8","3.83","0","44","44.0","37","19","5","54","18","1.25","11.06","3.61","3.68","0.7","15761"
"Brad Peacock","Astros","7","5","0","0","3.74","14","33","100.0","87","41","13","117","36","1.24","10.54","3.29","3.69","1.4","5401"
"Jose Castillo","Padres","0","0","0","0","3.54","0","3","3.0","3","1","0","4","1","1.26","11.12","4.03","3.70","0.0","17169"
"Jameson Taillon","Pirates","3","2","0","0","3.81","8","8","43.0","43","18","5","39","10","1.23","8.19","2.07","3.71","0.7","11674"
"Juan Nicasio","Phillies","2","2","1","12","3.81","0","40","40.0","37","17","5","44","14","1.29","9.85","3.17","3.72","0.3","7731"
"Carson Smith","Red Sox","0","0","0","0","3.78","0","3","3.0","3","1","0","3","1","1.32","9.20","3.59","3.72","0.0","13172"
"Ryne Stanek","Rays","3","2","0","7","3.69","3","41","56.0","47","23","7","69","25","1.26","11.05","3.91","3.73","0.5","15947"
"Ryan Madson","","1","1","0","0","3.79","0","20","20.0","18","8","2","21","6","1.23","9.29","2.83","3.73","0.2","1852"
"Robbie Erlin","Padres","2","2","0","6","3.85","2","35","45.0","45","19","6","41","9","1.20","8.11","1.82","3.74","0.3","10354"
"Dan Winkler","Braves","2","1","3","8","3.81","0","40","40.0","36","17","5","44","15","1.29","10.07","3.49","3.75","0.3","12237"
"Colten Brewer","Red Sox","2","1","0","7","3.94","0","33","33.0","32","14","3","32","13","1.36","8.83","3.67","3.76","0.2","12997"
"Alex Colome","White Sox","3","2","21","2","3.75","0","43","43.0","40","18","5","44","15","1.27","9.15","3.04","3.76","0.5","6661"
"Darren O'Day","Braves","0","0","0","0","3.80","0","3","3.0","3","1","0","4","1","1.24","10.46","3.29","3.77","0.0","3321"
"Hector Noesi","Marlins","0","0","0","1","3.71","0","7","7.0","6","3","1","7","2","1.20","9.79","2.89","3.77","0.0","3292"
"Ross Stripling","Dodgers","4","3","0","5","3.77","6","36","67.0","65","28","9","66","17","1.22","8.91","2.25","3.77","0.6","13273"
"Emilio Pagan","Rays","2","2","1","13","3.70","0","44","44.0","38","18","6","52","15","1.19","10.52","2.99","3.79","0.4","14771"
"Wade Davis","Rockies","3","2","20","2","3.84","0","40","40.0","34","17","5","49","20","1.33","10.92","4.38","3.80","0.5","7441"
"David Price","Red Sox","8","5","0","0","3.89","18","18","104.0","100","45","14","106","28","1.22","9.12","2.42","3.80","1.8","3184"
"Trevor Rosenthal","Nationals","1","1","0","1","3.81","0","13","13.0","11","6","1","17","8","1.44","11.58","5.30","3.80","0.0","10745"
"John Brebbia","Cardinals","3","2","3","10","3.74","0","44","44.0","38","18","6","50","14","1.20","10.30","2.89","3.80","0.4","12777"
"Nick Burdi","Pirates","0","0","0","0","3.56","0","3","3.0","3","1","0","4","2","1.34","11.02","4.26","3.80","0.0","16074"
"Jimmie Sherfy","Diamondbacks","1","1","0","0","3.78","0","23","23.0","20","10","3","27","11","1.33","10.52","4.22","3.81","0.0","15118"
"Richard Lovelady","Royals","1","1","0","6","3.77","0","30","30.0","29","13","3","26","11","1.34","7.94","3.40","3.81","0.1","19337"
"Robbie Ray","Diamondbacks","6","6","0","0","3.86","19","19","110.0","93","47","14","141","54","1.33","11.54","4.39","3.81","1.7","11486"
"Joey Lucchesi","Padres","7","7","0","0","3.87","19","19","111.0","106","48","14","115","36","1.28","9.31","2.90","3.81","1.6","19320"
"Chris Devenski","Astros","2","2","1","10","3.83","0","43","43.0","38","18","6","46","12","1.17","9.84","2.57","3.81","0.3","12763"
"Jack Flaherty","Cardinals","8","6","0","0","3.75","20","20","113.0","98","47","15","128","40","1.23","10.27","3.23","3.82","1.8","17479"
"Mike Clevinger","Indians","6","5","0","0","3.81","16","16","94.0","83","40","12","105","37","1.27","10.05","3.50","3.82","1.6","12808"
"Zack Greinke","Diamondbacks","9","7","0","0","3.82","21","21","134.0","128","57","19","128","31","1.19","8.59","2.07","3.82","2.0","1943"
"Sonny Gray","Reds","7","7","0","0","3.89","20","20","116.0","107","50","13","119","45","1.30","9.16","3.47","3.82","2.0","12768"
"Chris Archer","Pirates","7","7","0","0","4.08","21","21","117.0","114","53","15","125","42","1.32","9.55","3.20","3.83","1.9","6345"
"Brad Wieck","Padres","2","2","0","7","3.79","0","33","33.0","27","14","4","43","16","1.30","11.64","4.32","3.83","0.1","16390"
"Seth Lugo","Mets","2","2","1","8","3.85","0","37","37.0","35","16","5","38","10","1.22","9.28","2.43","3.83","0.1","12447"
"Adam Ottavino","Yankees","3","2","17","2","3.79","0","43","43.0","33","18","5","58","24","1.31","12.09","4.94","3.84","0.6","1247"
"Luis Castillo","Reds","7","6","0","0","3.78","19","19","109.0","97","46","14","117","37","1.24","9.65","3.08","3.84","1.8","15689"
"Pedro Strop","Cubs","3","2","1","11","3.72","0","37","37.0","32","15","4","39","16","1.29","9.57","3.85","3.84","0.2","4070"
"Pedro Baez","Dodgers","3","2","3","9","3.75","0","43","43.0","38","18","5","46","16","1.24","9.63","3.28","3.84","0.4","5420"
"Jordan Hicks","Cardinals","2","2","5","13","3.67","0","37","37.0","32","15","2","38","21","1.44","9.23","5.12","3.85","0.2","19618"
"Tyler Duffey","Twins","1","1","0","0","4.04","0","17","17.0","16","7","2","17","5","1.26","9.14","2.59","3.85","0.0","13758"
"Mychal Givens","Orioles","2","2","21","0","3.84","0","43","43.0","37","18","5","48","18","1.29","10.11","3.81","3.86","0.6","10430"
"Marcus Walden","Red Sox","3","2","1","9","3.99","0","40","40.0","39","18","4","35","15","1.36","7.87","3.38","3.86","0.2","8004"
"Kenta Maeda","Dodgers","7","6","0","0","3.90","17","17","97.0","89","42","13","103","31","1.24","9.55","2.84","3.86","1.3","18498"
"Amir Garrett","Reds","2","2","3","9","3.73","0","43","43.0","36","18","6","53","18","1.27","11.03","3.82","3.87","0.4","14375"
"Robert Gsellman","Mets","2","2","1","12","3.81","0","43","43.0","42","18","4","39","15","1.32","8.14","3.11","3.87","0.2","13696"
"Caleb Ferguson","Dodgers","1","1","0","2","3.70","0","20","20.0","18","8","2","22","8","1.31","9.96","3.83","3.87","0.0","19349"
"Alex Claudio","Brewers","2","2","1","11","3.82","0","43","43.0","45","18","4","30","11","1.31","6.41","2.28","3.87","0.3","12890"
"Xavier Cedeno","Cubs","0","0","0","0","3.79","0","7","7.0","6","3","1","6","3","1.40","8.36","4.10","3.88","0.0","36"
"Jose Quintana","Cubs","8","6","0","0","3.86","21","21","121.0","116","52","14","114","40","1.28","8.49","2.94","3.88","1.8","11423"
"Rich Hill","Dodgers","7","5","0","0","3.73","17","17","97.0","83","40","14","111","31","1.17","10.29","2.82","3.88","1.4","4806"
"Fernando Abad","Giants","0","0","0","0","3.72","0","7","7.0","6","3","1","7","2","1.27","8.85","3.15","3.89","0.0","4994"
"Steve Cishek","Cubs","3","2","19","2","3.66","0","44","44.0","38","18","5","47","18","1.29","9.70","3.80","3.89","0.3","6483"
"Lewis Thorpe","Twins","0","0","0","0","3.79","0","7","7.0","6","3","1","8","2","1.19","10.17","2.85","3.89","0.0","sa739599"
"David Hernandez","Reds","2","2","0","8","3.85","0","36","36.0","33","16","5","39","12","1.25","9.61","2.96","3.89","0.2","4259"
"Chaz Roe","Rays","2","2","1","9","3.89","0","41","41.0","36","18","4","44","19","1.34","9.81","4.15","3.90","0.2","9866"
"Grant Dayton","Braves","0","0","0","0","3.87","0","3","3.0","3","1","0","4","1","1.25","10.04","3.24","3.90","0.0","11203"
"Oliver Perez","Indians","1","1","0","6","3.68","0","30","30.0","26","12","4","35","10","1.21","10.52","3.01","3.90","0.1","1514"
"Dallas Keuchel","","9","8","0","0","3.84","24","24","151.0","155","64","16","123","48","1.35","7.32","2.86","3.90","2.2","9434"
"Brad Brach","Cubs","3","2","3","10","3.89","0","44","44.0","38","19","4","45","23","1.39","9.36","4.63","3.90","0.3","6627"
"Madison Bumgarner","Giants","7","8","0","0","3.84","22","22","136.0","128","58","19","132","34","1.20","8.75","2.27","3.91","1.5","5524"
"Carlos Martinez","Cardinals","6","4","0","5","3.81","11","34","87.0","81","37","9","84","35","1.34","8.71","3.66","3.91","0.9","11682"
"Luis Avilan","Mets","1","1","0","0","3.86","0","20","20.0","18","9","2","21","9","1.36","9.29","3.89","3.91","0.0","2882"
"Andrew Vasquez","Twins","1","1","0","0","3.82","0","13","13.0","12","6","1","15","7","1.37","10.12","4.45","3.91","0.0","19482"
"Dillon Maples","Cubs","0","0","0","0","3.80","0","7","7.0","5","3","0","10","6","1.59","13.61","8.02","3.91","0.0","14672"
"Kyle Hendricks","Cubs","8","6","0","0","3.86","21","21","124.0","123","53","16","108","31","1.23","7.77","2.22","3.92","1.9","12049"
"Collin McHugh","Astros","3","2","0","2","3.90","2","28","38.0","36","17","5","40","11","1.23","9.30","2.69","3.93","0.2","7531"
"J.B. Wendelken","Athletics","1","1","0","4","3.92","0","26","26.0","24","11","3","27","10","1.32","9.37","3.56","3.93","0.0","14506"
"Sammy Solis","Padres","0","0","0","0","3.76","0","2","2.0","2","1","0","2","1","1.30","9.98","3.85","3.93","0.0","11457"
"Aaron Bummer","White Sox","2","2","0","7","3.82","0","37","37.0","35","16","3","35","17","1.39","8.52","4.07","3.94","0.2","16258"
"Brandon Woodruff","Brewers","6","5","0","0","4.03","17","17","97.0","91","43","12","101","35","1.30","9.43","3.25","3.94","1.3","16162"
"Tony Barnette","Cubs","0","0","0","0","3.93","0","7","7.0","6","3","1","7","2","1.29","9.04","3.15","3.94","0.0","3555"
"Ryne Harper","Twins","2","2","1","9","3.99","0","40","40.0","39","18","5","38","13","1.29","8.63","2.88","3.94","0.3","12680"
"Marcus Stroman","Blue Jays","7","7","0","0","4.14","20","20","119.0","124","55","12","95","40","1.38","7.14","3.04","3.95","1.7","13431"
"Eduardo Rodriguez","Red Sox","8","6","0","0","4.10","19","19","110.0","104","50","15","116","38","1.29","9.50","3.10","3.95","1.5","13164"
"Tanner Scott","Orioles","1","1","0","2","3.97","0","30","30.0","25","13","3","38","20","1.48","11.36","5.92","3.95","0.1","17586"
"Matt Bowman","Reds","0","0","0","0","3.90","0","7","7.0","6","3","1","7","3","1.35","8.94","3.64","3.95","0.0","13528"
"JT Chargois","Dodgers","1","1","0","1","3.87","0","10","10.0","9","4","1","10","5","1.37","9.45","4.25","3.95","0.0","13767"
"Joshua James","Astros","3","2","0","7","3.96","2","38","48.0","41","21","6","59","23","1.33","11.07","4.34","3.96","0.3","16794"
"Jon Gray","Rockies","7","7","0","0","4.36","20","20","113.0","112","55","16","119","38","1.33","9.47","2.99","3.96","1.9","14916"
"Jonathan Holder","Yankees","2","2","0","7","3.95","0","37","37.0","34","16","5","37","12","1.25","9.03","2.84","3.96","0.2","16588"
"Miles Mikolas","Cardinals","8","7","0","0","3.98","21","21","125.0","131","55","16","99","25","1.25","7.12","1.80","3.96","1.6","9803"
"Phil Maton","Padres","1","1","0","4","3.98","0","30","30.0","28","13","4","32","10","1.28","9.63","3.16","3.96","0.0","18064"
"Trevor May","Twins","2","2","3","10","3.97","0","40","40.0","36","18","5","44","17","1.34","9.88","3.86","3.96","0.4","6398"
"Joe Musgrove","Pirates","8","8","0","0","4.10","21","21","121.0","126","55","15","101","30","1.28","7.48","2.21","3.96","1.7","12970"
"Tommy Hunter","Phillies","1","1","0","1","3.95","0","17","17.0","16","7","2","16","5","1.26","8.75","2.74","3.97","0.0","1157"
"Sergio Romo","Marlins","2","2","21","3","4.04","0","44","44.0","41","20","6","46","15","1.28","9.44","3.11","3.97","0.3","9817"
"Donnie Hart","Brewers","0","0","0","0","4.04","0","10","10.0","10","4","1","8","4","1.39","7.35","3.27","3.97","0.0","15306"
"Brian Moran","Marlins","0","0","0","0","3.77","0","3","3.0","3","1","0","4","1","1.30","9.49","3.73","3.97","0.0","sa501495"
"James Karinchak","Indians","1","1","0","0","3.85","0","13","13.0","11","6","2","17","7","1.35","11.59","5.04","3.97","0.0","sa915662"
"Yoan Lopez","Diamondbacks","2","2","0","8","4.09","0","33","33.0","30","15","4","37","15","1.36","10.09","4.18","3.98","0.1","17181"
"Scott Oberg","Rockies","3","2","1","12","4.14","0","44","44.0","43","20","5","40","17","1.38","8.24","3.50","3.99","0.3","13911"
"Austin Davis","Phillies","0","0","0","1","3.95","0","7","7.0","6","3","1","7","3","1.32","9.76","3.70","3.99","0.0","17117"
"Nick Wittgren","Indians","2","2","1","8","4.08","0","37","37.0","37","17","5","35","10","1.28","8.51","2.57","3.99","0.2","15594"
"Dinelson Lamet","Padres","1","1","0","0","3.96","3","5","21.0","18","9","3","24","9","1.29","10.49","3.89","3.99","0.2","17186"
"Chris Martin","Rangers","2","2","3","9","4.15","0","44","44.0","46","20","6","40","11","1.30","8.23","2.28","3.99","0.4","11847"
"Masahiro Tanaka","Yankees","8","6","0","0","3.98","21","21","122.0","118","54","19","117","28","1.19","8.68","2.05","4.00","2.1","15764"
"Adam Morgan","Phillies","2","2","1","9","4.08","0","37","37.0","35","17","5","39","14","1.32","9.47","3.36","4.00","0.2","12580"
"Jacob Barnes","Brewers","1","1","0","6","4.01","0","29","29.0","28","13","3","30","14","1.40","9.11","4.16","4.00","0.1","12323"
"Derek Law","Blue Jays","2","2","0","6","4.11","0","33","33.0","32","15","4","32","12","1.32","8.69","3.29","4.00","0.1","13133"
"Kevin Gausman","Braves","7","6","0","0","4.06","20","20","117.0","115","53","15","110","36","1.29","8.44","2.77","4.00","1.4","14107"
"J. D. Hammer","Phillies","1","0","0","1","3.96","0","10","10.0","9","4","1","11","4","1.30","10.15","3.67","4.01","0.0","19548"
"Nick Vincent","Giants","2","2","0","7","4.07","0","35","35.0","34","16","5","32","10","1.25","8.32","2.51","4.01","0.0","7555"
"Wander Suero","Nationals","2","2","1","12","4.08","0","40","40.0","38","18","5","41","15","1.32","9.20","3.39","4.03","0.1","15855"
"Jalen Beeks","Rays","2","2","0","3","3.94","0","31","31.0","28","13","4","32","12","1.31","9.30","3.49","4.03","0.0","17192"
"Andrew Triggs","Athletics","0","0","0","0","4.09","0","3","3.0","3","1","0","3","1","1.30","8.63","3.09","4.04","0.0","13533"
"Josh Sborz","Dodgers","0","0","0","1","3.90","0","7","7.0","6","3","1","7","3","1.27","9.57","3.44","4.04","0.0","sa827472"
"Caleb Smith","Marlins","6","7","0","0","4.05","20","20","115.0","101","52","16","129","46","1.28","10.17","3.60","4.04","1.5","14875"
"Max Fried","Braves","7","6","0","0","3.96","17","17","99.0","93","44","10","100","46","1.40","9.06","4.13","4.04","1.1","13743"
"Framber Valdez","Astros","2","2","0","5","3.89","0","33","33.0","30","14","3","32","15","1.39","8.84","4.22","4.04","0.0","17295"
"Dylan Floro","Dodgers","2","2","1","11","3.97","0","40","40.0","41","17","5","31","11","1.30","7.12","2.39","4.04","0.1","13394"
"Zac Rosscup","Blue Jays","1","1","0","0","4.14","0","23","23.0","20","11","3","29","12","1.39","11.22","4.69","4.05","0.0","9419"
"Trey Wingenter","Padres","2","2","1","11","4.05","0","40","40.0","32","18","5","51","23","1.40","11.63","5.20","4.05","0.0","17793"
"Luis Perdomo","Padres","1","1","0","0","4.23","0","11","11.0","11","5","1","9","4","1.40","7.81","3.03","4.06","0.0","14682"
"Tim Mayza","Blue Jays","1","1","0","2","4.07","0","23","23.0","21","10","3","26","11","1.39","10.10","4.43","4.06","0.0","15042"
"Tony Cingrani","Dodgers","1","0","0","1","3.76","0","10","10.0","9","4","1","11","4","1.28","10.04","3.76","4.06","0.0","12555"
"Brandon Workman","Red Sox","3","2","1","11","4.13","0","40","40.0","36","18","5","43","18","1.38","9.72","4.09","4.06","0.2","11428"
"Joel Payamps","Diamondbacks","0","0","0","0","4.10","0","3","3.0","3","2","0","3","1","1.24","8.75","2.59","4.07","0.0","sa597219"
"Trevor Hildenberger","Twins","2","2","0","4","4.11","0","30","30.0","30","14","4","27","9","1.30","8.10","2.68","4.07","0.0","17002"
"Austin Pruitt","Rays","1","1","0","0","4.18","0","17","17.0","18","8","2","14","4","1.28","7.42","2.13","4.07","0.0","15290"
"Luke Weaver","Diamondbacks","4","5","0","0","4.23","13","13","73.0","72","34","10","72","23","1.31","8.91","2.85","4.07","1.0","16918"
"Pablo Lopez","Marlins","4","5","0","0","3.99","14","14","81.0","81","36","10","68","23","1.28","7.56","2.51","4.07","0.9","17085"
"Daniel Zamora","Mets","1","1","0","7","3.99","0","33","33.0","30","15","4","36","15","1.36","9.74","4.13","4.07","0.0","17811"
"Drew Steckenrider","Marlins","0","1","0","0","4.07","0","10","10.0","9","5","1","12","5","1.34","10.48","4.06","4.07","0.0","18806"
"Greg Holland","Diamondbacks","2","2","18","5","4.28","0","43","43.0","38","20","4","49","26","1.47","10.19","5.37","4.08","0.2","7196"
"Kyle Crick","Pirates","2","2","3","9","3.93","0","44","44.0","39","19","4","45","23","1.42","9.26","4.70","4.08","0.2","13182"
"Carl Edwards Jr.","Cubs","2","2","0","8","4.07","0","37","37.0","29","17","4","48","23","1.39","11.61","5.54","4.08","0.1","13607"
"Yoshihisa Hirano","Diamondbacks","2","2","1","11","4.08","0","40","40.0","38","18","5","38","15","1.34","8.59","3.35","4.08","0.1","19756"
"Heath Hembree","Red Sox","2","1","0","7","4.17","0","33","33.0","30","15","5","37","13","1.32","10.20","3.62","4.08","0.1","11632"
"Dan Otero","Indians","1","1","0","8","4.22","0","37","37.0","41","17","5","24","6","1.29","5.83","1.54","4.08","0.1","7385"
"Shane Greene","Tigers","2","3","21","2","4.20","0","44","44.0","42","20","6","44","16","1.33","8.98","3.25","4.08","0.4","10756"
"Tyler Olson","Indians","1","1","0","4","3.99","0","27","27.0","25","12","3","27","11","1.35","9.10","3.72","4.09","0.0","14741"
"Drew Gagnon","Mets","1","1","0","4","4.13","0","27","27.0","25","12","4","27","9","1.29","9.06","3.14","4.09","0.0","12545"
"David Phelps","Blue Jays","1","1","0","4","4.10","0","30","30.0","28","14","4","32","11","1.30","9.59","3.28","4.09","0.0","6316"
"Jose Berrios","Twins","9","7","0","0","4.16","22","22","129.0","123","60","18","126","39","1.25","8.79","2.69","4.10","2.1","14168"
"Cam Bedrosian","Angels","3","2","1","9","4.01","0","40","40.0","38","18","5","39","17","1.37","8.84","3.81","4.10","0.2","13360"
"Yu Darvish","Cubs","6","6","0","0","4.14","17","17","99.0","87","45","14","115","43","1.31","10.46","3.90","4.10","1.3","13074"
"Michael Feliz","Pirates","1","2","0","4","4.32","0","27","27.0","25","13","4","31","13","1.39","10.51","4.24","4.10","0.0","11903"
"Andrew Heaney","Angels","6","5","0","0","4.06","16","16","94.0","91","42","14","92","25","1.24","8.84","2.39","4.11","1.3","15423"
"Zac Gallen","Marlins","4","4","0","0","4.02","12","12","69.0","64","31","9","68","23","1.26","8.84","3.04","4.11","0.7","sa857550"
"Justin Grimm","Dodgers","0","0","0","1","4.05","0","3","3.0","3","1","0","4","1","1.32","9.90","3.78","4.11","0.0","11720"
"Miguel Diaz","Padres","1","1","0","0","3.98","0","15","15.0","13","6","2","16","7","1.35","10.09","4.39","4.11","0.0","18815"
"Cole Hamels","Cubs","7","6","0","0","3.94","20","20","116.0","106","51","14","110","42","1.29","8.55","3.28","4.11","1.5","4972"
"Nathan Eovaldi","Red Sox","4","4","0","0","4.28","12","12","68.0","72","32","10","61","19","1.33","8.01","2.48","4.11","0.9","9132"
"Jose Alvarez","Phillies","1","2","0","7","4.11","0","30","30.0","29","14","4","28","11","1.35","8.40","3.32","4.11","0.1","5358"
"T.J. McFarland","Diamondbacks","1","1","0","4","4.19","0","30","30.0","32","14","3","20","11","1.45","5.91","3.22","4.12","0.0","3237"
"Matt Strahm","Padres","5","6","0","0","4.05","16","16","93.0","88","42","13","96","31","1.28","9.24","3.00","4.12","1.1","13799"
"Frankie Montas","Athletics","6","5","0","0","4.13","15","21","93.0","93","42","11","81","33","1.36","7.87","3.23","4.12","1.1","14309"
"Matt Andriese","Diamondbacks","2","2","0","6","4.29","0","30","30.0","30","14","4","30","9","1.30","8.95","2.76","4.12","0.0","12022"
"Tyler Skaggs","Angels","7","6","0","0","4.13","17","17","99.0","97","45","13","93","34","1.33","8.45","3.11","4.12","1.4","10190"
"Freddy Peralta","Brewers","4","4","0","4","4.11","6","33","63.0","52","29","9","81","31","1.31","11.59","4.46","4.12","0.5","18679"
"Adam Kolarek","Rays","2","2","0","9","3.93","0","41","41.0","41","18","4","31","16","1.40","6.90","3.52","4.13","0.1","10843"
"Anthony Bass","Mariners","1","1","0","6","4.16","0","29","29.0","29","13","4","26","10","1.35","8.17","3.17","4.13","0.1","7982"
"Matt Albers","Brewers","2","2","0","8","4.13","0","36","36.0","35","17","5","37","11","1.28","9.15","2.86","4.13","0.1","4300"
"Robert Stock","Padres","1","1","0","3","4.18","0","28","28.0","26","13","3","29","14","1.45","9.34","4.62","4.13","0.0","6576"
"John Gant","Cardinals","2","2","19","2","4.12","0","44","44.0","42","20","6","43","17","1.35","8.80","3.57","4.14","0.1","13684"
"Luiz Gohara","Braves","0","0","0","0","4.08","1","1","6.0","6","3","1","6","2","1.31","9.36","3.51","4.15","0.1","15166"
"Sean Newcomb","Braves","4","4","1","10","4.17","5","42","67.0","61","31","8","68","30","1.36","9.11","4.04","4.15","0.4","16943"
"Bryse Wilson","Braves","1","1","0","0","4.21","1","4","10.0","9","4","1","9","4","1.36","8.51","3.33","4.16","0.1","19990"
"Austin Voth","Nationals","1","1","0","1","4.14","1","8","13.0","12","6","2","12","4","1.31","8.76","3.16","4.17","0.1","15047"
"Taylor Williams","Brewers","1","1","0","2","4.26","0","23","23.0","22","11","3","24","10","1.42","9.37","3.95","4.17","0.0","14899"
"Richard Rodriguez","Pirates","1","1","0","2","4.27","0","24","24.0","22","11","4","26","8","1.29","9.77","3.13","4.17","0.0","13549"
"Touki Toussaint","Braves","3","3","0","6","4.15","3","33","48.0","44","22","5","52","25","1.42","9.61","4.56","4.17","0.2","16929"
"Tony Sipp","Nationals","1","1","0","6","4.10","0","26","26.0","26","12","3","26","10","1.36","8.84","3.56","4.17","0.1","8280"
"Luis Garcia","Angels","2","2","0","8","4.23","0","37","37.0","36","17","4","33","17","1.46","8.00","4.20","4.18","0.1","6984"
"Hunter Wood","Rays","1","1","0","0","4.11","0","14","14.0","13","6","2","14","5","1.32","9.27","3.47","4.18","0.0","15091"
"Jon Duplantier","Diamondbacks","2","3","0","0","4.17","5","22","48.0","45","22","5","47","23","1.44","8.96","4.43","4.19","0.4","19546"
"Montana DuRapau","Pirates","2","2","0","7","4.14","0","34","34.0","30","15","4","36","15","1.34","9.60","3.90","4.19","0.0","16768"
"Michael Lorenzen","Reds","2","2","1","9","4.07","0","40","40.0","39","18","4","34","15","1.37","7.73","3.50","4.19","0.1","14843"
"D.J. Johnson","Rockies","1","1","0","0","4.31","0","13","13.0","13","6","1","14","6","1.45","9.03","4.34","4.19","0.0","12578"
"Parker Markel","Mariners","0","0","0","0","4.06","0","6","6.0","6","3","1","7","3","1.36","9.94","4.29","4.19","0.0","12106"
"Erick Fedde","Nationals","3","3","0","2","4.34","6","26","57.0","59","28","7","49","20","1.39","7.72","3.19","4.19","0.5","17425"
"Sam Wolff","Giants","0","0","0","0","4.06","0","3","3.0","3","2","0","4","2","1.35","9.67","4.30","4.20","0.0","sa503437"
"Kevin Quackenbush","Dodgers","1","1","0","1","4.16","0","13","13.0","12","6","2","14","5","1.28","9.22","3.08","4.20","0.0","12360"
"Taylor Cole","Angels","1","1","0","0","3.99","0","23","23.0","22","10","3","24","10","1.36","9.08","3.91","4.20","0.0","11964"
"Justin Anderson","Angels","2","2","0","7","4.03","0","37","37.0","32","16","4","40","20","1.42","9.90","4.96","4.20","0.1","16201"
"Matt Grace","Nationals","1","1","1","8","4.25","0","33","33.0","35","16","4","25","11","1.39","6.93","2.96","4.20","0.0","11449"
"Kyle Keller","Marlins","0","0","0","0","4.03","0","7","7.0","6","3","1","7","3","1.37","9.74","4.49","4.20","0.0","sa875759"
"Trevor Williams","Pirates","5","5","0","0","4.26","15","15","86.0","89","41","10","68","27","1.34","7.10","2.83","4.21","1.0","16977"
"Victor Arano","Phillies","0","0","0","1","4.18","0","7","7.0","6","3","1","7","2","1.29","9.61","3.24","4.21","0.0","15915"
"Brandon Kintzler","Cubs","1","1","0","6","4.16","0","30","30.0","32","14","3","23","9","1.35","6.98","2.81","4.21","0.0","9939"
"Yadier Alvarez","Dodgers","0","0","0","1","3.96","0","3","3.0","3","1","0","4","2","1.43","9.68","4.97","4.21","0.0","sa868984"
"Adam Conley","Marlins","2","3","4","9","4.04","0","44","44.0","42","20","5","41","18","1.35","8.36","3.62","4.21","0.0","14457"
"Brandon Brennan","Mariners","2","2","1","10","4.22","0","39","39.0","38","18","4","36","18","1.44","8.30","4.20","4.22","0.1","13527"
"Jimmy Nelson","Brewers","3","3","0","0","4.33","8","8","49.0","47","24","7","48","18","1.33","8.83","3.27","4.22","0.5","10547"
"Francisco Liriano","Pirates","2","2","1","9","4.24","0","37","37.0","35","17","4","38","18","1.42","9.12","4.36","4.22","0.1","3201"
"Kyle Ryan","Cubs","1","1","0","2","4.08","0","20","20.0","19","9","2","18","9","1.42","8.07","4.07","4.22","0.0","11753"
"Blake Parker","Twins","2","2","19","3","4.19","0","43","43.0","41","20","6","44","16","1.31","9.19","3.27","4.22","0.3","5224"
"Matthew Boyd","Tigers","7","8","0","0","4.26","21","21","121.0","116","57","18","119","36","1.26","8.85","2.70","4.22","1.7","15440"
"Anthony Swarzak","Braves","2","2","2","4","4.26","0","30","30.0","28","14","5","33","11","1.32","9.96","3.29","4.23","0.0","7466"
"Jared Hughes","Reds","2","2","1","11","4.01","0","40","40.0","40","18","4","30","15","1.38","6.75","3.29","4.23","0.1","9325"
"Yusei Kikuchi","Mariners","6","6","0","0","4.16","19","19","107.0","104","50","14","99","38","1.33","8.33","3.20","4.24","1.4","20633"
"Kyle Gibson","Twins","8","7","0","0","4.27","22","22","127.0","129","60","17","113","45","1.37","8.03","3.20","4.24","1.7","10123"
"Brent Honeywell","Rays","3","3","0","0","4.20","9","9","50.0","46","23","8","52","16","1.25","9.27","2.95","4.24","0.5","sa828706"
"Ryan Buchter","Athletics","2","1","0","7","3.98","0","33","33.0","28","14","4","36","16","1.32","9.79","4.27","4.24","0.1","9456"
"Tyler Webb","Cardinals","1","1","0","1","4.12","0","13","13.0","13","6","2","14","6","1.36","9.10","3.72","4.24","0.0","14974"
"Ian Gibaut","Rays","1","0","0","0","4.09","0","10","10.0","9","5","1","11","5","1.36","9.96","4.32","4.24","0.0","sa857671"
"Alex Reyes","Cardinals","1","1","0","1","4.15","1","18","23.0","20","11","3","26","14","1.46","10.00","5.25","4.24","0.0","15015"
"Jose Suarez","Reds","0","0","0","0","4.17","6","6","38.0","35","17","6","36","12","1.27","8.73","2.97","4.25","0.4","sa597426"
"Mike Montgomery","Cubs","2","2","1","12","4.11","1","41","47.0","47","21","5","37","17","1.37","7.10","3.31","4.25","0.1","4869"
"Riley Ferrell","Marlins","0","0","0","0","4.06","0","7","7.0","6","3","1","7","4","1.41","9.32","4.70","4.25","0.0","sa874967"
"Zack Godley","Diamondbacks","5","6","0","3","4.37","12","38","95.0","94","46","11","91","41","1.42","8.69","3.89","4.25","0.7","14862"
"Matt Wisler","Padres","1","1","0","0","4.38","0","22","22.0","22","11","3","20","5","1.27","8.13","2.24","4.25","0.0","12804"
"Travis Bergen","Giants","1","1","0","0","4.17","0","10","10.0","9","5","1","10","4","1.37","8.66","3.94","4.25","0.0","18581"
"Jose Quijada","Marlins","1","1","0","0","4.12","0","17","17.0","15","8","2","18","10","1.45","9.47","5.09","4.26","0.0","19200"
"Zach Duke","Reds","2","2","0","3","4.12","0","26","26.0","25","12","3","25","13","1.44","8.36","4.37","4.26","0.0","3840"
"Edubray Ramos","Phillies","1","1","0","2","4.34","0","20","20.0","19","10","3","20","8","1.35","8.78","3.43","4.26","0.0","16086"
"Jesse Hahn","Royals","0","0","0","0","4.21","0","7","7.0","7","3","1","5","2","1.37","7.25","3.16","4.27","0.0","13287"
"Blaine Hardy","Tigers","2","2","0","7","4.26","0","37","37.0","38","18","5","29","11","1.32","7.17","2.56","4.27","0.1","6499"
"Koda Glover","Nationals","0","0","0","1","4.22","0","10","10.0","10","5","1","10","4","1.38","8.63","3.76","4.27","0.0","17695"
"Richard Bleier","Orioles","2","2","3","8","4.12","0","43","43.0","49","20","4","22","10","1.36","4.67","2.01","4.27","0.2","7803"
"Gio Gonzalez","Brewers","6","6","0","0","4.34","18","18","103.0","102","50","13","94","43","1.40","8.20","3.70","4.27","1.1","7448"
"John Axford","Blue Jays","0","0","0","0","4.27","0","3","3.0","3","2","0","3","2","1.41","9.02","4.12","4.27","0.0","9059"
"Evan Marshall","White Sox","1","2","1","8","4.21","0","40","40.0","42","19","5","33","15","1.42","7.38","3.45","4.27","0.1","12297"
"Jon Lester","Cubs","8","7","0","0","4.24","21","21","119.0","119","56","17","107","38","1.32","8.05","2.89","4.27","1.3","4930"
"Cody Reed","Reds","1","1","0","0","4.25","0","20","20.0","19","9","3","21","8","1.38","9.33","3.76","4.28","0.0","15232"
"Cory Gearrin","Mariners","2","2","3","8","4.20","0","39","39.0","36","18","5","39","18","1.39","8.92","4.09","4.29","0.1","7947"
"Adam Warren","Padres","2","2","1","9","4.24","0","40","40.0","38","19","5","38","16","1.36","8.60","3.55","4.29","0.0","9029"
"Dennis Santana","Dodgers","0","0","0","0","4.25","1","1","6.0","6","3","1","6","3","1.37","9.10","3.89","4.29","0.0","17878"
"Jordan Lyles","Pirates","6","7","0","0","4.54","20","20","113.0","117","57","15","100","41","1.39","7.94","3.25","4.29","1.1","7593"
"Wes Parsons","Braves","1","1","0","0","4.32","0","13","13.0","13","6","2","12","5","1.41","7.99","3.58","4.29","0.0","14764"
"Alex Wood","Reds","3","3","0","0","4.23","10","10","54.0","55","26","7","49","19","1.36","8.14","3.17","4.29","0.6","13781"
"Jeff Brigham","Marlins","0","0","0","0","4.18","0","7","7.0","6","3","1","7","3","1.30","9.02","3.44","4.29","0.0","16631"
"Mike Minor","Rangers","8","8","0","0","4.35","22","22","130.0","126","63","20","121","40","1.28","8.37","2.74","4.29","2.0","10021"
"Paul Fry","Orioles","2","2","0","7","4.21","0","36","36.0","35","17","4","34","17","1.43","8.50","4.25","4.29","0.1","15832"
"Jesse Biddle","Mariners","1","1","0","5","4.12","0","26","26.0","24","12","3","26","13","1.42","9.06","4.57","4.30","0.0","11437"
"Sal Romano","Reds","0","0","0","0","4.27","0","10","10.0","10","5","1","9","3","1.33","8.19","2.95","4.30","0.0","13690"
"Ryan Weber","Red Sox","3","3","0","0","4.45","5","22","48.0","54","24","6","30","10","1.35","5.59","1.86","4.30","0.3","10160"
"Lance Lynn","Rangers","8","7","0","0","4.30","21","21","119.0","119","57","15","112","50","1.42","8.49","3.77","4.31","1.6","2520"
"Steven Matz","Mets","6","6","0","0","4.23","17","17","100.0","99","47","15","97","35","1.34","8.74","3.14","4.31","0.9","13361"
"Juan Minaya","White Sox","1","1","0","0","4.28","0","23","23.0","21","11","3","25","12","1.41","9.49","4.52","4.31","0.0","10341"
"Ryan Brasier","Red Sox","3","2","19","3","4.30","0","43","43.0","43","21","6","38","13","1.30","7.97","2.77","4.32","0.1","5615"
"Tayron Guerrero","Marlins","2","2","1","9","4.20","0","37","37.0","33","17","5","44","22","1.46","10.50","5.26","4.32","-0.1","11691"
"Adam Cimber","Indians","3","3","3","9","4.28","0","47","47.0","49","22","6","36","12","1.32","6.90","2.35","4.32","0.1","15288"
"Tim Hill","Royals","1","1","0","0","4.27","0","17","17.0","17","8","2","14","7","1.42","7.64","3.68","4.32","0.0","16814"
"Chasen Shreve","Cardinals","0","0","0","1","4.13","0","7","7.0","6","3","1","7","3","1.39","9.94","4.60","4.32","0.0","10855"
"Connor Sadzeck","Mariners","2","2","1","8","4.12","0","36","36.0","31","16","4","38","19","1.42","9.57","4.87","4.32","0.1","13483"
"Rick Porcello","Red Sox","8","7","0","0","4.55","20","20","120.0","126","60","19","107","31","1.31","8.08","2.32","4.32","1.3","2717"
"Marco Gonzales","Mariners","7","8","0","0","4.42","20","20","116.0","127","57","16","90","30","1.35","6.93","2.31","4.32","1.3","15467"
"Clay Holmes","Pirates","1","1","0","0","4.33","0","17","17.0","16","8","2","16","9","1.52","8.37","4.94","4.32","0.0","13649"
"Josh Taylor","Red Sox","0","0","0","0","4.19","0","3","3.0","3","2","0","3","1","1.40","8.45","3.92","4.33","0.0","sa842224"
"Tyler Clippard","Indians","2","2","1","10","4.25","0","40","40.0","35","19","7","45","16","1.28","10.17","3.53","4.33","0.2","5640"
"Nick Pivetta","Phillies","4","5","0","0","4.52","11","11","63.0","61","31","10","67","22","1.33","9.64","3.22","4.33","0.7","15454"
"Adam Wainwright","Cardinals","6","7","0","0","4.48","17","17","99.0","105","50","13","85","36","1.41","7.66","3.23","4.33","1.0","2233"
"Taijuan Walker","Diamondbacks","1","1","0","0","4.47","3","3","18.0","18","9","3","17","6","1.35","8.49","3.11","4.34","0.2","11836"
"Dominic Leone","Cardinals","1","1","0","6","4.45","0","27","27.0","26","13","4","28","12","1.39","9.37","3.87","4.34","0.0","13763"
"Chris Rusin","Rockies","1","1","0","0","4.38","0","13","13.0","14","7","2","11","5","1.42","7.49","3.19","4.34","0.0","9895"
"Kyle Barraclough","Nationals","2","2","3","10","4.31","0","43","43.0","38","21","5","48","25","1.47","10.15","5.26","4.34","0.0","13713"
"Martin Perez","Twins","6","6","0","0","4.50","18","18","106.0","113","53","12","79","39","1.44","6.75","3.32","4.34","1.3","6902"
"David Paulino","Blue Jays","0","0","0","0","4.37","0","10","10.0","9","5","2","10","3","1.28","9.30","3.04","4.35","0.0","17418"
"Austin Brice","Marlins","1","2","0","7","4.18","0","31","31.0","30","14","4","27","12","1.36","7.98","3.51","4.35","-0.1","17237"
"Fernando Rodney","","1","1","0","0","4.26","0","13","13.0","12","6","1","13","7","1.45","8.82","4.72","4.35","0.0","494"
"Hansel Robles","Angels","2","2","3","11","4.20","0","43","43.0","40","20","6","45","19","1.36","9.27","3.94","4.35","0.1","11801"
"Bryan Mitchell","Padres","0","0","0","0","4.27","0","2","2.0","2","1","0","2","1","1.41","7.58","3.63","4.36","0.0","11479"
"Yonny Chirinos","Rays","8","9","0","5","4.32","19","56","146.0","152","70","22","119","36","1.29","7.37","2.21","4.36","1.0","16401"
"Jesse Chavez","Rangers","2","2","1","9","4.39","0","37","37.0","38","18","6","35","11","1.32","8.36","2.68","4.36","0.1","5448"
"Keynan Middleton","Angels","0","0","0","0","4.15","0","7","7.0","6","3","1","7","3","1.33","9.50","4.04","4.36","0.0","15264"
"Mike Morin","Twins","1","1","0","2","4.46","0","23","23.0","25","12","3","19","6","1.32","7.33","2.41","4.36","0.0","13442"
"Ryan Helsley","Cardinals","0","0","0","1","4.33","0","7","7.0","6","3","1","7","3","1.41","9.33","4.38","4.37","0.0","18138"
"Carlos Estevez","Rockies","2","2","1","9","4.56","0","37","37.0","35","19","6","40","15","1.38","9.75","3.76","4.37","0.1","14542"
"Matt Ramsey","Angels","0","0","0","0","4.35","0","7","7.0","6","3","1","6","3","1.40","8.65","3.96","4.37","0.0","14460"
"Jonathan Loaisiga","Yankees","2","2","0","0","4.48","4","4","25.0","25","12","4","25","8","1.32","8.83","2.96","4.37","0.3","19753"
"Chris Bassitt","Athletics","6","6","0","0","4.29","14","30","96.0","93","46","12","88","38","1.37","8.23","3.56","4.38","0.9","12304"
"Hunter Strickland","Mariners","1","1","1","4","4.30","0","16","16.0","16","8","2","15","6","1.36","8.12","3.53","4.38","0.0","7836"
"Kelvin Herrera","White Sox","2","3","3","8","4.38","0","43","43.0","43","21","7","41","15","1.34","8.49","3.08","4.38","0.2","6033"
"Wilmer Font","Mets","1","1","0","0","4.28","1","14","20.0","19","9","3","20","7","1.29","9.02","3.08","4.38","0.0","5257"
"Tyler Kinley","Marlins","1","1","0","5","4.34","0","27","27.0","25","13","3","30","16","1.49","9.79","5.22","4.39","0.0","18297"
"Tanner Roark","Reds","7","8","0","0","4.40","20","20","118.0","117","58","17","108","42","1.34","8.22","3.16","4.39","1.3","8753"
"Danny Duffy","Royals","7","8","0","0","4.45","21","21","120.0","121","59","17","103","41","1.36","7.78","3.09","4.39","1.2","3542"
"Mike Mayers","Cardinals","0","0","0","1","4.39","0","10","10.0","10","5","1","9","4","1.37","8.27","3.35","4.39","0.0","15451"
"Jake McGee","Rockies","1","1","0","4","4.56","0","27","27.0","28","14","4","25","9","1.34","8.46","2.89","4.40","0.0","7550"
"Logan Allen","Padres","5","5","0","0","4.20","14","14","79.0","74","37","11","79","36","1.38","8.96","4.03","4.40","0.6","sa875192"
"Trevor Richards","Marlins","5","7","0","0","4.40","19","19","106.0","104","52","15","100","41","1.37","8.47","3.46","4.40","0.7","19309"
"Cody Allen","Angels","2","2","4","9","4.35","0","40","40.0","35","19","6","46","19","1.36","10.27","4.31","4.40","0.1","12183"
"Jake Odorizzi","Twins","8","7","0","0","4.42","21","21","119.0","112","58","18","117","45","1.32","8.86","3.40","4.40","1.5","6397"
"Buck Farmer","Tigers","2","3","1","10","4.35","0","40","40.0","40","20","6","38","17","1.40","8.56","3.75","4.41","0.0","14814"
"Adalberto Mejia","Twins","1","1","0","0","4.39","0","13","13.0","13","7","2","12","5","1.38","7.95","3.36","4.41","0.0","13188"
"Andrew Suarez","Giants","3","5","0","0","4.47","12","12","67.0","71","33","9","54","21","1.38","7.31","2.88","4.41","0.3","18300"
"Reymin Guduan","Astros","0","0","0","0","4.33","0","7","7.0","6","3","1","7","4","1.50","9.88","5.25","4.41","0.0","13058"
"Brett Anderson","Athletics","5","6","0","0","4.48","15","15","86.0","98","43","10","53","27","1.45","5.54","2.80","4.41","0.7","8223"
"Derian Gonzalez","Cardinals","0","0","0","1","4.29","0","3","3.0","3","2","0","3","2","1.45","8.21","4.37","4.41","0.0","sa737568"
"Chad Sobotka","Braves","1","1","0","0","4.32","0","23","23.0","20","11","3","27","15","1.50","10.48","5.67","4.41","0.0","17470"
"Jakob Junis","Royals","6","8","0","0","4.51","19","19","113.0","117","57","18","101","31","1.30","8.04","2.43","4.42","1.0","13619"
"Yusmeiro Petit","Athletics","2","2","1","9","4.43","0","39","39.0","40","19","7","33","9","1.27","7.49","2.17","4.42","0.0","4020"
"Ian Hamilton","White Sox","1","1","0","2","4.29","0","27","27.0","25","13","4","26","11","1.36","8.85","3.74","4.42","0.0","19261"
"Mike Foltynewicz","Braves","7","7","0","0","4.44","19","19","109.0","106","54","17","107","39","1.33","8.87","3.22","4.42","0.9","10811"
"Junior Guerra","Brewers","2","2","3","9","4.35","0","43","43.0","40","21","6","42","17","1.35","8.93","3.61","4.43","0.0","5702"
"Ryan Dull","Athletics","1","1","0","2","4.37","0","20","20.0","19","10","3","19","6","1.27","8.81","2.86","4.43","0.0","13974"
"Pat Neshek","Phillies","2","2","0","7","4.39","0","30","30.0","31","15","5","25","6","1.23","7.53","1.78","4.43","0.0","4682"
"Ryan Yarbrough","Rays","6","7","0","0","4.37","11","42","94.0","96","46","13","78","29","1.33","7.45","2.80","4.44","0.6","16502"
"Roenis Elias","Mariners","2","3","17","4","4.36","0","42","42.0","41","20","5","37","17","1.39","7.97","3.71","4.44","0.1","12673"
"Daniel Stumpf","Tigers","2","2","1","8","4.47","0","40","40.0","41","20","6","37","16","1.39","8.21","3.51","4.44","0.1","13780"
"Adam McCreery","Dodgers","0","0","0","1","4.03","0","7","7.0","6","3","1","7","4","1.51","9.02","5.41","4.44","0.0","19550"
"Eric Hanhold","Mets","0","0","0","0","4.35","0","7","7.0","7","3","1","6","3","1.44","7.77","3.97","4.44","0.0","18332"
"Jake Arrieta","Phillies","7","7","0","0","4.35","19","19","112.0","110","54","16","101","41","1.34","8.06","3.25","4.45","1.0","4153"
"Shawn Armstrong","Orioles","2","2","1","10","4.32","0","43","43.0","39","21","6","46","22","1.41","9.61","4.58","4.45","0.2","12857"
"Eric Lauer","Padres","5","7","0","0","4.43","17","17","97.0","100","48","14","87","35","1.39","8.09","3.27","4.45","0.7","19316"
"Dean Deetz","Astros","0","0","0","0","4.28","0","3","3.0","3","2","0","4","2","1.43","10.57","5.22","4.45","0.0","16687"
"Stephen Tarpley","Yankees","1","1","0","0","4.23","0","20","20.0","19","9","2","19","11","1.50","8.46","5.01","4.45","0.0","15859"
"Justin Miller","Nationals","1","1","0","1","4.46","0","17","17.0","16","8","3","17","6","1.30","9.22","3.02","4.46","0.0","8580"
"Scott Barlow","Royals","1","2","1","8","4.50","0","33","33.0","31","17","5","36","16","1.41","9.83","4.23","4.46","0.0","14993"
"Stefan Crichton","Diamondbacks","1","1","0","0","4.51","0","17","17.0","17","8","2","14","7","1.45","7.77","3.83","4.46","0.0","16058"
"Domingo German","Yankees","6","6","0","0","4.57","17","21","104.0","100","53","17","107","36","1.31","9.31","3.14","4.46","1.3","17149"
"J.A. Happ","Yankees","7","6","0","0","4.37","19","19","110.0","108","54","18","104","34","1.28","8.44","2.74","4.46","1.5","7410"
"Shaun Anderson","Giants","4","6","0","0","4.49","15","15","88.0","93","44","12","68","28","1.37","6.97","2.86","4.46","0.5","19453"
"JT Brubaker","Pirates","1","1","0","0","4.52","2","6","16.0","17","8","2","13","6","1.41","7.46","3.34","4.46","0.1","sa875176"
"Ty Blach","Giants","1","1","0","0","4.54","1","8","13.0","15","7","2","8","4","1.41","5.46","2.72","4.47","0.0","14361"
"Pat Venditte","Giants","0","0","0","0","4.27","0","7","7.0","6","3","1","7","3","1.38","8.96","4.21","4.47","0.0","7108"
"Ian Kennedy","Royals","2","2","20","0","4.46","0","40","40.0","39","20","7","38","12","1.28","8.52","2.67","4.47","0.0","6986"
"Drew Pomeranz","Giants","4","6","0","0","4.42","14","14","82.0","78","40","11","81","39","1.43","8.82","4.31","4.47","0.4","11426"
"Fernando Romero","Twins","2","2","0","7","4.47","0","33","33.0","34","17","4","27","12","1.39","7.34","3.20","4.47","0.0","15885"
"Michael Wacha","Cardinals","4","5","0","2","4.56","10","30","77.0","79","39","11","68","32","1.43","7.95","3.73","4.47","0.4","14078"
"Spencer Turnbull","Tigers","5","7","0","0","4.59","19","19","107.0","108","54","13","94","46","1.43","7.89","3.83","4.47","1.1","16207"
"Nathan Karns","Orioles","0","0","0","0","4.61","0","7","7.0","7","3","1","7","3","1.39","8.98","3.59","4.48","0.0","12638"
"Eduardo Jimenez","","0","0","0","0","4.46","0","7","7.0","6","3","1","7","3","1.38","9.55","4.01","4.48","0.0","sa3001404"
"Jacob Webb","Pirates","0","0","0","0","4.46","0","40","40.0","37","20","6","42","18","1.38","9.55","4.01","4.48","-0.1","sa3004799"
"Stetson Allie","Dodgers","0","0","0","0","4.46","0","7","7.0","6","3","1","7","3","1.38","9.55","4.01","4.48","0.0","sa548192"
"Joe Biagini","Blue Jays","2","3","3","9","4.71","0","43","43.0","46","22","6","35","14","1.40","7.28","3.00","4.48","0.0","13194"
"Anibal Sanchez","Nationals","5","6","0","0","4.89","16","16","93.0","94","51","14","89","36","1.40","8.64","3.45","4.48","0.8","3284"
"David McKay","Mariners","1","1","0","0","4.45","0","10","10.0","9","5","1","10","4","1.40","8.84","3.87","4.48","0.0","19814"
"Nick Gardewine","Rangers","0","0","0","0","4.41","0","7","7.0","6","3","1","7","3","1.42","8.92","4.29","4.48","0.0","16513"
"Jacob Rhame","Mets","0","1","0","0","4.52","0","10","10.0","9","5","2","11","4","1.34","9.70","3.56","4.49","0.0","15267"
"Jackson Stephens","Reds","0","0","0","0","4.39","0","3","3.0","3","2","0","3","1","1.35","8.50","3.41","4.49","0.0","14420"
"Jeff Samardzija","Giants","5","8","0","0","4.71","21","21","119.0","123","62","18","98","35","1.33","7.44","2.66","4.49","0.7","3254"
"Griffin Canning","Angels","5","6","0","0","4.40","15","15","86.0","83","42","12","82","34","1.36","8.54","3.56","4.49","0.8","19867"
"Jesus Luzardo","Athletics","2","2","0","0","4.35","6","6","36.0","35","18","5","33","14","1.35","8.10","3.44","4.49","0.3","sa917981"
"Vince Velasquez","Phillies","4","5","0","0","4.63","13","13","75.0","72","39","13","83","31","1.37","9.94","3.66","4.50","0.7","11189"
"Josh Staumont","Royals","0","1","0","0","4.28","0","10","10.0","8","5","1","12","7","1.51","11.23","6.34","4.50","0.0","sa857581"
"Brian Flynn","Royals","1","1","0","2","4.42","0","20","20.0","21","10","2","14","8","1.46","6.29","3.64","4.50","0.0","12027"
"Aaron Wilkerson","Brewers","1","1","0","0","4.55","1","17","23.0","22","11","4","21","8","1.34","8.43","3.08","4.50","0.0","16904"
"Michael Pineda","Twins","5","5","0","0","4.78","15","15","86.0","95","46","15","76","21","1.35","7.96","2.21","4.51","0.9","5372"
"Ben Heller","Yankees","0","0","0","0","4.37","0","3","3.0","3","2","1","4","2","1.36","9.87","4.17","4.52","0.0","15100"
"Cy Sneed","Astros","0","0","0","0","4.37","0","3","3.0","3","2","1","3","1","1.32","8.34","3.21","4.52","0.0","sa599742"
"Robert Stephenson","Reds","2","2","0","6","4.41","0","30","30.0","26","15","5","36","17","1.43","11.05","5.00","4.52","0.0","13594"
"Brad Keller","Royals","6","8","0","0","4.57","21","21","121.0","130","61","13","82","50","1.48","6.10","3.70","4.52","0.9","15734"
"Ryan Tepera","Blue Jays","2","2","0","8","4.52","0","36","36.0","35","18","5","36","15","1.37","8.92","3.70","4.52","0.0","10291"
"Wei-Yin Chen","Marlins","2","3","0","3","4.48","3","27","43.0","44","21","7","37","13","1.32","7.84","2.72","4.52","0.1","13071"
"Sam Coonrod","Giants","0","0","0","0","4.51","0","3","3.0","3","2","0","3","2","1.45","8.41","4.33","4.52","0.0","17264"
"Jerry Blevins","Braves","1","1","0","3","4.45","0","26","26.0","25","13","4","28","14","1.47","9.48","4.60","4.53","0.0","7841"
"Luke Bard","Angels","1","1","0","0","4.39","0","13","13.0","13","7","2","13","5","1.36","8.84","3.64","4.53","0.0","14288"
"Kyle Wright","Braves","1","1","0","0","4.61","2","5","16.0","16","8","2","14","7","1.49","7.88","4.17","4.53","0.1","19665"
"Corbin Burnes","Brewers","1","1","0","0","4.49","2","2","12.0","12","6","2","13","5","1.37","9.24","3.64","4.53","0.1","19361"
"Josh Tomlin","Braves","1","2","0","13","4.63","0","33","33.0","37","17","6","26","4","1.22","7.04","1.02","4.53","-0.1","9388"
"Joe Ross","Nationals","2","3","0","8","4.54","2","35","45.0","48","23","7","38","14","1.37","7.57","2.86","4.53","0.0","12972"
"Brett Martin","Rangers","1","2","0","5","4.68","0","27","27.0","29","14","3","22","11","1.47","7.36","3.69","4.53","0.0","17369"
"Randy Rosario","Cubs","0","0","0","0","4.51","0","3","3.0","3","2","0","3","2","1.52","6.88","4.31","4.53","0.0","14508"
"Austin Gomber","Cardinals","2","2","0","0","4.35","5","5","30.0","29","15","4","28","13","1.37","8.41","3.70","4.54","0.2","16561"
"Luis Cessa","Yankees","2","2","0","4","4.56","1","31","36.0","36","18","6","34","12","1.34","8.42","3.09","4.54","0.1","13345"
"A.J. Puk","Athletics","0","0","0","0","4.39","1","1","6.0","6","3","1","6","3","1.39","8.86","4.13","4.54","0.1","sa738675"
"Gerson Bautista","Mariners","0","0","0","0","4.39","0","6","6.0","6","3","1","7","3","1.39","9.80","4.57","4.54","0.0","19256"
"Cionel Perez","Astros","1","1","0","0","4.37","1","8","13.0","12","6","2","12","6","1.43","8.71","4.31","4.54","0.0","19614"
"Aaron Sanchez","Blue Jays","5","6","0","0","4.53","17","17","98.0","97","49","11","82","48","1.49","7.53","4.44","4.54","0.8","11490"
"Dovydas Neverauskas","Pirates","0","0","0","0","4.62","0","10","10.0","10","5","1","10","6","1.51","9.12","4.99","4.54","0.0","11604"
"Merrill Kelly","Diamondbacks","6","8","0","0","4.74","19","19","112.0","118","59","16","96","39","1.41","7.69","3.17","4.55","0.8","11156"
"Brett Cecil","Cardinals","0","0","0","1","4.45","0","7","7.0","7","3","1","6","3","1.42","7.47","3.66","4.56","0.0","2660"
"Jose Urena","Marlins","6","8","0","0","4.43","19","19","109.0","113","54","14","81","37","1.37","6.70","3.03","4.56","0.6","11589"
"Derek Holland","Giants","3","4","0","4","4.49","5","32","59.0","57","29","9","58","25","1.39","8.85","3.79","4.56","0.1","4141"
"Jeanmar Gomez","Rangers","0","0","0","0","4.66","0","7","7.0","8","4","1","5","3","1.47","6.58","3.32","4.56","0.0","9033"
"Gabriel Moya","Twins","1","1","0","0","4.36","0","13","13.0","12","6","2","14","5","1.34","9.14","3.70","4.56","0.0","16348"
"Tim Peterson","Mets","0","0","0","0","4.51","0","7","7.0","6","3","1","7","2","1.32","9.08","3.11","4.56","0.0","13946"
"Dakota Hudson","Cardinals","6","7","0","1","4.57","16","23","102.0","108","52","11","71","44","1.49","6.29","3.92","4.56","0.6","19206"
"Wade Miley","Astros","6","6","0","0","4.64","18","18","102.0","110","53","14","80","36","1.43","7.01","3.19","4.57","0.7","8779"
"Ruben Alaniz","Mariners","0","0","0","0","4.50","0","6","6.0","6","3","1","6","3","1.45","8.93","4.26","4.57","0.0","10819"
"Zach Davies","Brewers","6","7","0","0","4.63","19","19","111.0","121","57","16","82","35","1.41","6.71","2.84","4.57","0.7","13183"
"Javy Guerra","Nationals","1","1","0","1","4.62","0","17","17.0","17","8","2","15","7","1.47","8.29","3.97","4.57","0.0","7407"
"Bryan Garcia","Tigers","0","0","0","0","4.56","0","3","3.0","3","2","1","4","2","1.40","9.46","4.26","4.58","0.0","sa873996"
"Yacksel Rios","Phillies","0","0","0","1","4.48","0","3","3.0","3","2","0","3","2","1.41","9.44","4.37","4.58","0.0","15007"
"Shawn Kelley","Rangers","2","2","1","11","4.67","0","37","37.0","37","19","7","37","11","1.29","9.02","2.66","4.59","0.1","7773"
"Zach Eflin","Phillies","6","8","0","0","4.69","19","19","112.0","118","59","19","95","30","1.32","7.59","2.43","4.59","1.0","13774"
"Austen Williams","Nationals","0","0","0","1","4.69","0","3","3.0","3","2","1","3","1","1.41","8.04","3.31","4.59","0.0","16309"
"Trent Thornton","Blue Jays","4","6","0","0","4.74","13","19","81.0","85","43","14","73","24","1.35","8.14","2.70","4.59","0.6","17948"
"Sam Gaviglio","Blue Jays","2","2","1","10","4.82","0","40","40.0","43","21","7","34","9","1.32","7.67","2.15","4.59","-0.1","12778"
"Jordan Yamamoto","Marlins","0","0","0","0","4.52","1","1","6.0","6","3","1","5","2","1.39","7.70","3.54","4.59","0.0","sa829040"
"R.J. Alvarez","Marlins","0","0","0","1","4.44","0","7","7.0","6","3","1","7","3","1.44","8.94","4.61","4.60","0.0","13401"
"Mike Leake","Mariners","6","8","0","0","4.76","19","19","112.0","129","59","18","74","24","1.36","5.97","1.89","4.60","0.8","10130"
"Seunghwan Oh","Rockies","3","3","3","10","4.64","0","47","47.0","48","24","9","47","14","1.30","9.00","2.65","4.60","0.0","18719"
"Jeffrey Springs","Rangers","2","2","0","7","4.59","0","31","31.0","29","16","5","32","15","1.44","9.51","4.35","4.60","0.0","17677"
"Josh Lucas","Orioles","1","1","0","4","4.55","0","30","30.0","31","15","4","25","11","1.43","7.57","3.45","4.60","0.0","11686"
"Felix Pena","Angels","4","4","0","3","4.61","8","41","77.0","78","40","12","72","27","1.36","8.45","3.16","4.60","0.3","13403"
"Taylor Widener","Diamondbacks","1","1","0","0","4.59","2","2","12.0","11","6","2","13","5","1.37","9.27","3.96","4.60","0.1","sa918271"
"Matt Magill","Twins","2","2","0","7","4.56","0","33","33.0","32","17","5","34","15","1.40","9.30","4.02","4.60","0.0","3950"
"Jaime Schultz","Dodgers","0","0","0","1","4.48","0","3","3.0","3","2","1","4","2","1.44","11.19","5.25","4.60","0.0","15066"
"Bryan Shaw","Rockies","2","2","0","6","4.82","0","30","30.0","32","16","4","26","13","1.50","7.67","3.95","4.61","0.0","8110"
"Rowan Wick","Cubs","1","1","0","0","4.45","0","17","17.0","16","8","2","17","10","1.52","9.12","5.39","4.61","0.0","14646"
"Wandy Peralta","Reds","1","1","0","4","4.52","0","26","26.0","26","13","3","23","13","1.50","7.75","4.48","4.61","0.0","14295"
"Tyler Mahle","Reds","5","6","0","0","4.60","15","15","87.0","88","44","14","83","31","1.37","8.61","3.21","4.61","0.7","16358"
"James Norwood","Cubs","0","0","0","0","4.57","0","3","3.0","3","2","0","3","2","1.50","9.05","5.04","4.61","0.0","16440"
"Sam Tuivailala","Mariners","1","1","0","3","4.53","0","19","19.0","19","10","3","18","8","1.39","8.25","3.72","4.62","0.0","13485"
"Noe Ramirez","Angels","2","2","0","5","4.49","0","33","33.0","31","17","6","35","14","1.35","9.56","3.68","4.62","0.0","12800"
"Yimi Garcia","Dodgers","2","2","0","8","4.52","0","36","36.0","36","18","7","36","10","1.27","8.85","2.37","4.62","-0.1","12095"
"Ben Lively","Royals","1","1","0","0","4.66","1","11","16.0","17","8","2","13","5","1.38","6.95","2.89","4.63","0.0","14932"
"Jenrry Mejia","Red Sox","0","0","0","0","4.69","0","3","3.0","3","2","0","3","1","1.40","7.74","3.35","4.63","0.0","8476"
"Paul Sewald","Mets","0","0","0","0","4.77","0","3","3.0","3","2","1","3","1","1.36","8.41","3.21","4.63","0.0","13892"
"Dereck Rodriguez","Giants","3","5","0","0","4.61","11","21","72.0","75","37","10","56","24","1.38","7.01","3.02","4.64","0.2","14509"
"Joey Krehbiel","Diamondbacks","0","0","0","0","4.62","0","3","3.0","3","2","0","3","2","1.49","9.45","5.08","4.64","0.0","13707"
"Jacob Waguespack","Blue Jays","0","1","0","0","4.64","1","4","10.0","10","5","1","8","4","1.50","7.42","4.17","4.64","0.0","18318"
"Jon Edwards","Indians","1","1","0","2","4.64","0","20","20.0","18","10","3","23","11","1.46","10.22","4.96","4.65","0.0","1483"
"Anthony DeSclafani","Reds","5","7","0","0","4.64","17","17","99.0","102","51","19","96","28","1.31","8.71","2.58","4.65","0.8","13050"
"Hector Velazquez","Red Sox","3","3","0","3","4.61","6","33","64.0","69","33","9","48","22","1.43","6.81","3.16","4.65","0.3","19341"
"Adrian Houser","Brewers","1","2","0","0","4.75","2","25","35.0","37","19","5","31","13","1.43","7.82","3.35","4.66","0.1","12718"
"Austin Adams","Tigers","1","1","0","0","4.80","0","13","13.0","14","7","2","13","7","1.49","8.64","4.36","4.66","0.0","7411"
"Tanner Anderson","Athletics","0","0","0","0","4.52","0","7","7.0","7","3","1","4","3","1.47","5.85","3.49","4.66","0.0","18029"
"Kevin McCarthy","Royals","1","2","0","3","4.60","0","23","23.0","26","12","3","15","8","1.47","5.64","3.27","4.66","0.0","15240"
"Mitch Keller","Pirates","1","2","0","0","4.64","10","10","56.0","58","29","7","46","25","1.48","7.41","4.05","4.67","0.3","17594"
"Dan Altavilla","Mariners","0","0","0","0","4.52","0","6","6.0","6","3","1","7","4","1.46","9.41","4.98","4.67","0.0","16507"
"Pedro Avila","Padres","1","1","0","0","4.67","2","4","14.0","14","7","2","13","7","1.48","8.19","4.36","4.68","0.1","18864"
"Casey Sadler","Rays","1","1","0","0","4.63","0","17","17.0","18","9","3","13","6","1.39","7.08","2.95","4.68","0.0","11209"
"Daniel Mengden","Athletics","2","2","0","0","4.65","6","6","36.0","38","19","5","27","12","1.39","6.61","3.05","4.68","0.3","16980"
"Geoff Hartlieb","Pirates","1","1","0","0","4.65","0","17","17.0","17","9","2","14","8","1.53","7.68","4.51","4.68","0.0","19558"
"Bobby Poyner","Red Sox","0","0","0","0","4.64","0","7","7.0","7","3","1","6","2","1.36","7.86","3.03","4.68","0.0","17987"
"Mike Wright Jr.","Mariners","0","0","0","0","4.68","0","3","3.0","3","2","1","3","1","1.39","7.96","3.25","4.68","0.0","12586"
"Sean Manaea","Athletics","1","1","0","0","4.65","4","4","24.0","26","13","4","18","7","1.36","6.74","2.69","4.69","0.2","15873"
"Jorge De La Rosa","","0","0","0","0","4.77","0","3","3.0","3","2","0","3","1","1.47","8.17","3.99","4.69","0.0","2047"
"Chasen Bradford","Mariners","1","1","0","0","4.60","0","16","16.0","18","8","2","11","5","1.39","6.18","2.58","4.69","0.0","12452"
"Erasmo Ramirez","Red Sox","0","0","0","0","4.68","0","3","3.0","4","2","1","2","1","1.32","6.64","2.21","4.70","0.0","10314"
"Alex McRae","Pirates","0","0","0","0","4.85","0","7","7.0","7","4","1","5","3","1.48","6.77","3.40","4.70","0.0","16317"
"Daniel Norris","Tigers","5","7","0","0","4.86","19","19","106.0","113","57","16","90","42","1.46","7.67","3.54","4.70","0.9","13475"
"Shane Carle","Braves","0","0","0","0","4.62","0","7","7.0","7","3","1","5","3","1.48","6.87","3.85","4.70","0.0","15258"
"Matthew Festa","Mariners","1","1","0","0","4.63","0","16","16.0","16","8","3","15","6","1.38","8.51","3.40","4.71","0.0","19330"
"Nick Goody","Indians","0","0","0","0","4.59","0","7","7.0","6","3","1","7","3","1.34","9.67","3.82","4.71","0.0","13685"
"Daniel Hudson","Blue Jays","2","3","1","8","4.80","0","36","36.0","36","19","5","36","17","1.47","8.82","4.22","4.72","-0.1","7146"
"Chris Flexen","Mets","0","1","0","0","4.68","1","1","6.0","6","3","1","5","3","1.45","7.76","3.86","4.72","0.0","13896"
"Nick Margevicius","Padres","2","2","0","0","4.63","5","5","31.0","33","16","5","24","9","1.34","7.10","2.66","4.72","0.1","20395"
"AJ Ramos","","1","1","0","0","4.64","0","20","20.0","19","10","3","21","10","1.45","9.27","4.66","4.72","0.0","8350"
"Dylan Cease","White Sox","3","4","0","0","4.61","11","11","62.0","57","32","9","64","34","1.47","9.32","4.96","4.72","0.5","sa829000"
"Steven Brault","Pirates","2","3","0","6","4.64","3","34","49.0","49","25","6","44","26","1.53","8.13","4.78","4.73","0.0","15291"
"Daniel Ponce de Leon","Cardinals","1","1","0","0","4.60","3","3","19.0","18","10","2","17","10","1.47","8.43","4.62","4.73","0.1","16110"
"Robby Scott","Diamondbacks","0","0","0","0","4.55","0","3","3.0","3","2","0","3","2","1.42","9.13","4.45","4.73","0.0","13042"
"Tyler Bashlor","Mets","1","1","0","0","4.62","0","13","13.0","12","7","2","14","7","1.46","9.54","4.87","4.74","0.0","15203"
"Travis Lakins","Red Sox","0","0","0","0","4.76","0","3","3.0","3","2","0","3","2","1.51","7.40","4.20","4.74","0.0","18600"
"Glenn Sparkman","Royals","3","4","0","0","4.85","9","22","63.0","73","34","9","41","17","1.40","5.79","2.35","4.74","0.2","15200"
"Wily Peralta","Royals","2","2","1","10","4.87","0","37","37.0","39","20","5","30","17","1.55","7.34","4.27","4.74","-0.2","7738"
"Enyel De Los Santos","Phillies","1","2","0","1","4.67","2","21","31.0","31","16","5","30","12","1.39","8.54","3.59","4.74","0.1","18403"
"James Pazos","Rockies","0","0","0","1","4.74","0","7","7.0","7","4","1","6","3","1.49","8.06","4.30","4.74","0.0","13323"
"Chih-Wei Hu","Indians","0","0","0","0","4.63","0","3","3.0","3","2","1","3","1","1.30","7.92","2.70","4.74","0.0","16419"
"Cody Anderson","Indians","1","2","0","0","4.78","4","8","28.0","30","15","4","23","10","1.41","7.23","3.11","4.75","0.2","12799"
"Jimmy Herget","Reds","0","1","0","0","4.61","0","10","10.0","9","5","2","11","5","1.42","9.94","4.68","4.75","0.0","sa658965"
"Rogelio Armenteros","Astros","1","1","0","0","4.69","3","3","18.0","17","9","3","18","8","1.38","8.97","3.85","4.75","0.1","sa877310"
"Zack Littell","Twins","0","0","0","0","4.82","1","1","6.0","7","3","1","5","2","1.45","7.14","3.50","4.75","0.0","15823"
"Cal Quantrill","Padres","3","4","0","0","4.78","11","11","61.0","66","32","9","48","23","1.45","7.01","3.33","4.76","0.2","19312"
"Chris Stratton","Pirates","0","1","0","0","4.95","1","4","10.0","11","5","1","8","4","1.49","7.03","3.59","4.76","0.0","13761"
"Jesus Reyes","Reds","0","0","0","0","4.58","0","7","7.0","7","3","1","6","4","1.54","7.63","4.82","4.76","0.0","19277"
"Antonio Senzatela","Rockies","6","8","0","0","4.97","20","20","113.0","123","62","17","88","41","1.46","7.00","3.30","4.76","0.9","15488"
"Gerardo Reyes","Padres","1","1","0","0","4.67","0","17","17.0","15","9","2","17","11","1.58","9.37","6.01","4.76","0.0","16306"
"Oscar De La Cruz","Cubs","0","0","0","0","4.67","0","3","3.0","3","2","1","3","1","1.37","8.72","3.80","4.78","0.0","sa737037"
"Zac Houston","Tigers","0","0","0","0","4.63","0","3","3.0","3","2","0","4","2","1.51","9.62","5.44","4.78","0.0","sa874155"
"Tommy Milone","Mariners","1","1","0","0","4.84","2","2","12.0","13","6","2","10","3","1.33","7.76","2.20","4.78","0.1","7608"
"Lucas Giolito","White Sox","6","8","0","0","4.74","19","19","113.0","110","60","16","102","53","1.44","8.14","4.20","4.78","0.9","15474"
"Kyle Freeland","Rockies","6","8","0","0","4.93","20","20","112.0","122","62","18","93","42","1.46","7.43","3.39","4.79","0.9","16256"
"Jerad Eickhoff","Phillies","5","7","0","0","4.86","17","17","96.0","100","52","17","88","33","1.39","8.26","3.12","4.80","0.5","12664"
"Clayton Richard","Blue Jays","5","7","0","0","4.91","17","17","100.0","114","54","13","67","36","1.51","6.05","3.28","4.81","0.6","3551"
"David Hale","Yankees","0","1","0","0","4.84","0","10","10.0","11","5","2","7","3","1.39","6.61","2.52","4.81","0.0","9756"
"Brian Johnson","Red Sox","0","1","0","0","4.85","0","10","10.0","10","5","2","9","4","1.43","7.78","3.46","4.81","0.0","14272"
"Brady Rodgers","Astros","2","2","0","0","4.76","3","20","35.0","38","18","6","25","10","1.38","6.56","2.55","4.82","0.1","13393"
"Brock Stewart","Dodgers","1","1","0","1","4.74","2","12","22.0","23","12","4","20","8","1.39","7.86","3.26","4.82","0.0","16727"
"Felix Hernandez","Mariners","3","4","0","0","4.78","9","13","57.0","59","30","9","46","19","1.38","7.35","3.05","4.82","0.3","4772"
"Chase Anderson","Brewers","4","5","0","0","4.55","11","27","78.0","77","39","14","72","28","1.35","8.27","3.19","4.82","0.3","6895"
"Neil Ramirez","Indians","0","1","0","0","4.98","0","10","10.0","9","6","2","12","5","1.39","10.78","4.19","4.83","0.0","7677"
"Clay Buchholz","Blue Jays","3","3","0","0","4.88","10","10","55.0","60","30","9","39","17","1.39","6.37","2.75","4.83","0.3","3543"
"Branden Kline","Orioles","2","2","0","6","4.83","0","33","33.0","34","18","5","29","13","1.44","8.04","3.66","4.83","-0.1","14101"
"Justin Lawrence","Rockies","0","0","0","0","4.89","0","3","3.0","3","2","0","3","2","1.61","7.87","5.14","4.84","0.0","sa875567"
"Evan Phillips","Orioles","1","1","0","0","4.84","0","10","10.0","9","5","1","11","6","1.52","9.82","5.32","4.84","0.0","17734"
"Sandy Alcantara","Marlins","4","6","0","0","4.74","16","16","95.0","98","50","11","72","47","1.53","6.83","4.47","4.84","0.3","18684"
"Tanner Rainey","Nationals","1","2","0","4","4.73","0","23","23.0","19","12","3","29","18","1.60","11.37","6.91","4.84","-0.1","17610"
"Joe Harvey","Yankees","1","1","0","0","4.72","0","20","20.0","19","10","3","21","11","1.47","9.28","4.75","4.84","0.0","16459"
"Addison Reed","","2","2","1","0","4.87","0","40","40.0","42","22","7","34","12","1.36","7.65","2.79","4.85","-0.1","10586"
"Chandler Shepherd","Orioles","0","0","0","0","4.74","0","3","3.0","3","2","1","3","1","1.36","7.70","2.99","4.85","0.0","sa602595"
"JC Ramirez","Angels","1","1","0","0","4.77","2","9","19.0","20","10","3","14","7","1.43","6.77","3.44","4.85","0.0","8302"
"Dylan Bundy","Orioles","6","9","0","0","4.89","20","20","115.0","116","63","23","114","38","1.34","8.86","2.98","4.86","1.0","12917"
"Tyler Anderson","Rockies","1","1","0","0","5.03","3","3","19.0","20","11","4","18","7","1.40","8.32","3.17","4.86","0.1","12880"
"Hector Santiago","Mets","1","2","0","3","4.56","0","27","27.0","24","14","4","27","14","1.42","9.12","4.56","4.87","-0.1","4026"
"Yefry Ramirez","Pirates","0","0","0","1","4.92","0","3","3.0","3","2","1","3","2","1.44","8.94","4.07","4.87","0.0","15655"
"Mike Fiers","Athletics","7","8","0","0","4.76","21","21","122.0","128","65","21","100","38","1.35","7.36","2.78","4.87","0.7","7754"
"Trevor Cahill","Angels","6","8","0","0","4.74","18","18","105.0","106","55","17","92","43","1.42","7.87","3.68","4.87","0.4","6249"
"Tim Collins","Cubs","0","0","0","0","4.86","0","7","7.0","7","4","1","6","4","1.57","8.52","5.36","4.87","0.0","3164"
"Dillon Peters","Angels","0","0","0","0","4.78","1","1","6.0","7","3","1","4","2","1.46","6.31","3.28","4.87","0.0","18790"
"Nick Kingham","Pirates","3","4","0","0","4.96","9","9","51.0","55","28","8","41","18","1.43","7.32","3.13","4.87","0.2","11694"
"Nestor Cortes","Yankees","1","1","0","0","4.80","0","13","13.0","13","7","2","12","5","1.40","8.23","3.50","4.88","0.0","17874"
"Justus Sheffield","Mariners","3","3","0","0","4.77","8","8","48.0","48","26","6","42","26","1.55","7.74","4.91","4.88","0.3","17285"
"Jhoulys Chacin","Brewers","6","8","0","0","4.80","20","20","116.0","119","62","18","95","47","1.43","7.41","3.67","4.88","0.5","2608"
"Josh A. Smith","Red Sox","1","1","0","0","5.00","2","2","12.0","12","7","2","10","4","1.39","7.68","3.15","4.89","0.0","10946"
"Thyago Vieira","White Sox","0","0","0","0","4.90","0","7","7.0","6","4","1","6","4","1.53","8.76","5.19","4.89","0.0","14510"
"Julio Teheran","Braves","6","7","0","0","4.71","20","20","119.0","115","62","19","110","51","1.40","8.28","3.89","4.89","0.3","6797"
"Jeff Hoffman","Rockies","4","6","0","0","5.19","14","14","81.0","86","46","13","71","36","1.51","7.90","3.99","4.89","0.5","17432"
"Tyler Thornburg","Red Sox","1","2","0","4","4.90","0","30","30.0","29","16","5","29","14","1.44","8.81","4.20","4.89","0.0","10688"
"Jake Newberry","Royals","1","1","0","0","4.86","0","17","17.0","17","9","3","13","7","1.47","7.22","3.82","4.89","0.0","15136"
"Melvin Adon","Giants","0","0","0","0","4.71","1","1","6.0","6","3","1","5","3","1.57","6.97","5.03","4.90","0.0","sa873314"
"Eric Skoglund","Royals","2","2","0","0","4.87","5","5","31.0","33","17","5","24","10","1.40","6.82","2.99","4.91","0.1","16155"
"Ranger Suarez","Phillies","0","0","0","0","4.73","1","1","6.0","6","3","1","5","2","1.44","7.10","3.50","4.91","0.0","17277"
"Taylor Clarke","Diamondbacks","3","5","0","0","4.99","10","10","56.0","59","31","9","45","20","1.42","7.25","3.18","4.92","0.2","17611"
"Jake Faria","Rays","2","2","0","0","4.85","6","6","32.0","31","17","5","29","15","1.46","8.30","4.28","4.92","0.1","13699"
"Wei-Chung Wang","Athletics","1","1","0","0","4.83","0","20","20.0","21","11","3","14","7","1.44","6.58","3.23","4.92","0.0","14382"
"Jacob Nix","Padres","0","0","0","0","4.92","1","1","6.0","6","3","1","4","2","1.39","6.42","2.67","4.92","0.0","17775"
"Josh D. Smith","Indians","1","1","0","0","4.86","0","13","13.0","13","7","2","13","7","1.52","8.46","4.78","4.92","0.0","13629"
"Alec Mills","Cubs","0","0","0","0","4.83","1","1","6.0","6","3","1","5","3","1.42","7.48","3.70","4.92","0.0","13834"
"CC Sabathia","Yankees","5","6","0","0","4.79","16","16","94.0","99","50","16","79","34","1.42","7.60","3.27","4.92","0.8","404"
"Jake Barrett","Yankees","1","1","0","0","4.82","0","13","13.0","13","7","2","14","7","1.48","9.49","4.79","4.92","0.0","13322"
"Ryan Burr","White Sox","1","2","0","6","4.84","0","33","33.0","32","18","5","32","20","1.57","8.69","5.42","4.93","-0.1","17536"
"Sean Reid-Foley","Blue Jays","1","2","0","0","5.02","3","3","19.0","18","10","3","18","9","1.49","8.78","4.51","4.93","0.1","17034"
"Jharel Cotton","Athletics","1","2","0","0","4.85","4","4","24.0","24","13","4","21","9","1.37","7.84","3.38","4.94","0.1","13654"
"Jairo Diaz","Rockies","1","1","0","0","5.24","0","20","20.0","21","12","3","19","12","1.60","8.41","5.22","4.94","0.0","12774"
"Jaime Barria","Angels","1","1","0","0","4.78","3","3","19.0","20","10","3","14","6","1.38","6.68","2.93","4.94","0.1","18356"
"Darwinzon Hernandez","Red Sox","1","2","0","0","4.90","1","21","26.0","24","14","3","27","19","1.64","9.28","6.40","4.94","0.0","19848"
"Chad Bettis","Rockies","3","4","0","0","5.21","8","24","61.0","70","35","9","43","22","1.50","6.35","3.22","4.94","0.2","10587"
"Homer Bailey","Royals","3","5","0","0","5.00","11","11","63.0","68","35","10","47","21","1.42","6.69","3.06","4.94","0.2","8362"
"Edgar Garcia","Phillies","1","2","0","5","4.94","0","30","30.0","29","16","5","31","15","1.49","9.19","4.56","4.94","-0.1","19276"
"Burch Smith","Brewers","0","0","0","0","5.06","0","3","3.0","3","2","1","3","2","1.49","9.40","4.61","4.94","0.0","12784"
"Ryan Borucki","Blue Jays","2","3","0","0","4.97","7","7","43.0","46","24","7","32","17","1.46","6.80","3.47","4.95","0.2","16350"
"Jose De Leon","Rays","2","2","0","0","4.89","6","6","31.0","30","17","5","30","14","1.41","8.72","3.96","4.95","0.1","15463"
"Erik Swanson","Mariners","3","4","0","0","5.05","9","9","53.0","56","30","10","48","17","1.35","8.05","2.78","4.95","0.3","16587"
"Kolby Allard","Braves","0","0","0","0","4.87","1","1","6.0","6","3","1","5","2","1.44","7.01","3.38","4.95","0.0","18694"
"Gabriel Ynoa","Orioles","2","3","0","0","5.11","3","26","42.0","48","24","7","29","12","1.43","6.26","2.52","4.95","0.1","12938"
"Corbin Martin","Astros","4","4","0","0","4.92","11","11","61.0","64","34","11","54","24","1.43","7.88","3.59","4.96","0.3","19884"
"Emilio Vargas","Diamondbacks","0","0","0","0","4.98","1","1","6.0","6","3","1","5","3","1.43","8.05","3.84","4.96","0.0","sa736761"
"Brad Boxberger","Royals","2","3","3","8","4.98","0","37","37.0","35","20","6","39","22","1.53","9.65","5.30","4.96","-0.4","10133"
"Alex Cobb","Orioles","3","5","0","0","5.02","11","11","59.0","68","33","10","41","16","1.41","6.23","2.45","4.96","0.4","6562"
"Kyle Zimmer","Royals","0","1","0","0","5.00","0","13","13.0","13","7","2","12","8","1.57","8.31","5.19","4.97","0.0","14169"
"Jason Vargas","Mets","5","8","0","0","4.92","16","16","94.0","99","51","17","80","33","1.40","7.70","3.12","4.97","0.3","8044"
"Tyler Chatwood","Cubs","3","4","0","4","4.83","7","33","65.0","62","35","7","57","43","1.62","7.88","5.93","4.97","0.0","4338"
"Paul Blackburn","Athletics","1","1","0","0","4.97","3","3","18.0","20","10","3","11","6","1.47","5.62","3.07","4.97","0.1","14739"
"Nick Ramirez","Tigers","2","3","0","5","4.92","0","34","34.0","36","18","5","25","15","1.54","6.68","4.14","4.98","-0.1","12575"
"Miguel Castro","Orioles","2","2","1","8","4.87","0","40","40.0","40","21","5","30","20","1.52","6.92","4.58","4.98","-0.1","15684"
"Kyle McGowin","Nationals","2","3","0","1","5.12","4","17","38.0","40","22","7","35","14","1.42","8.22","3.35","4.98","0.0","15071"
"Joe Palumbo","Rangers","1","1","0","0","4.87","3","3","19.0","19","10","3","17","9","1.49","8.26","4.54","4.99","0.1","sa738453"
"Matt Harvey","Angels","3","4","0","0","5.03","11","11","63.0","69","35","11","47","19","1.40","6.79","2.71","4.99","0.3","11713"
"Tyler Beede","Giants","2","3","0","0","5.00","7","7","38.0","38","21","5","36","22","1.59","8.47","5.30","4.99","0.0","16981"
"Ariel Jurado","Rangers","3","4","0","0","5.23","7","24","55.0","67","32","8","30","15","1.48","4.88","2.48","4.99","0.2","17030"
"Brandon Finnegan","Reds","0","0","0","0","4.88","0","3","3.0","3","2","1","3","2","1.47","8.82","4.50","4.99","0.0","16208"
"Matt Hall","Tigers","1","2","0","0","4.92","4","4","25.0","26","14","4","21","12","1.50","7.52","4.22","4.99","0.1","18076"
"Jorge Lopez","Royals","4","7","0","0","5.17","15","15","88.0","94","50","14","72","37","1.50","7.36","3.83","4.99","0.2","14527"
"Aaron Brooks","Athletics","1","2","0","0","5.10","4","4","24.0","28","14","4","17","8","1.46","6.48","2.81","5.00","0.1","12272"
"Forrest Whitley","Astros","3","3","0","0","4.91","8","8","48.0","46","26","8","48","23","1.43","8.97","4.37","5.00","0.2","sa917930"
"James Bourque","Nationals","0","0","0","1","5.07","0","3","3.0","3","2","1","3","2","1.55","8.51","4.79","5.00","0.0","16668"
"Thomas Pannone","Blue Jays","1","1","0","0","4.97","1","14","19.0","20","11","4","18","7","1.39","8.32","3.27","5.00","0.0","17281"
"Wade LeBlanc","Mariners","5","7","0","0","5.04","16","16","91.0","99","51","17","69","26","1.38","6.86","2.61","5.01","0.3","5221"
"Corey Oswalt","Mets","1","1","0","0","4.98","3","3","19.0","20","10","3","16","7","1.45","7.49","3.46","5.01","0.0","13677"
"Grant Holmes","Athletics","1","1","0","0","4.93","2","5","16.0","16","9","2","13","8","1.51","7.46","4.50","5.02","0.0","sa828669"
"Victor Alcantara","Tigers","2","2","0","7","5.01","0","37","37.0","40","21","5","26","16","1.53","6.41","4.01","5.02","-0.1","15028"
"Lucas Sims","Reds","1","1","0","0","4.95","2","2","12.0","12","7","2","14","6","1.44","10.18","4.52","5.03","0.1","13470"
"Jordan Zimmermann","Tigers","3","5","0","0","5.17","11","11","63.0","72","36","12","46","17","1.40","6.56","2.37","5.04","0.4","4505"
"Matt Manning","Tigers","0","0","0","0","5.05","1","1","6.0","6","3","1","6","3","1.48","8.24","4.33","5.04","0.0","sa917924"
"Ervin Santana","Mets","2","3","0","0","4.96","6","6","37.0","39","20","7","28","12","1.37","6.83","2.85","5.04","0.1","3200"
"Ivan Nova","White Sox","5","7","0","0","5.06","17","17","98.0","113","55","18","68","24","1.39","6.23","2.23","5.04","0.4","1994"
"Patrick Murphy","Blue Jays","1","1","0","0","5.10","2","2","12.0","13","7","2","9","5","1.51","6.73","3.85","5.05","0.0","sa737629"
"Caleb Frare","White Sox","1","1","0","0","4.86","0","13","13.0","12","7","2","15","10","1.61","10.26","6.52","5.05","0.0","14353"
"Wei-Chieh Huang","Rangers","1","1","0","0","5.07","0","14","14.0","14","8","2","13","7","1.53","8.59","4.79","5.06","0.0","17508"
"Yency Almonte","Rockies","1","1","0","2","5.22","0","20","20.0","22","12","3","17","9","1.54","7.69","4.20","5.06","0.0","15068"
"Mike Dunn","Rockies","1","2","0","7","5.20","0","30","30.0","31","17","5","29","16","1.55","8.50","4.84","5.07","-0.1","9948"
"Adrian Sampson","Rangers","3","5","0","0","5.23","11","18","71.0","83","41","12","45","17","1.42","5.75","2.23","5.07","0.4","13339"
"Kohl Stewart","Twins","1","1","0","0","5.14","3","3","18.0","20","11","2","12","8","1.57","5.89","4.14","5.08","0.1","15502"
"Rookie Davis","Pirates","1","1","0","0","5.12","0","13","13.0","15","8","2","10","4","1.46","6.93","2.99","5.08","0.0","14962"
"Allen Webster","Cubs","0","1","0","0","5.00","0","10","10.0","11","6","2","9","5","1.50","7.82","4.03","5.08","0.0","3993"
"Ryan Feierabend","Blue Jays","0","0","0","0","5.10","1","1","6.0","7","3","1","5","2","1.42","6.95","3.01","5.09","0.0","6336"
"Shelby Miller","Rangers","5","8","0","0","5.36","14","35","103.0","113","62","17","85","46","1.54","7.38","4.02","5.10","0.4","10197"
"Tyson Ross","Tigers","4","6","0","0","5.27","14","14","82.0","90","48","12","60","39","1.57","6.56","4.24","5.10","0.3","7872"
"Kyle Bird","Rangers","1","1","0","3","5.02","0","24","24.0","24","13","3","21","14","1.59","8.10","5.20","5.11","0.0","16618"
"Jarlin Garcia","Marlins","0","1","0","0","4.95","0","14","14.0","14","7","2","10","6","1.47","6.57","3.65","5.11","-0.1","18282"
"David Carpenter","Rangers","0","0","0","1","5.12","0","3","3.0","3","2","1","3","2","1.49","7.97","4.16","5.12","0.0","3959"
"Justin Dunn","Mariners","0","0","0","0","5.06","1","1","6.0","6","3","1","5","3","1.47","8.02","4.25","5.12","0.0","sa738718"
"Josh Osich","White Sox","0","1","0","0","5.25","0","17","17.0","18","10","3","14","8","1.53","7.80","4.23","5.12","0.0","11528"
"Duane Underwood Jr.","Cubs","0","0","0","0","5.03","1","1","6.0","6","3","1","5","3","1.51","7.40","4.36","5.13","0.0","14677"
"Jefry Rodriguez","Indians","4","6","0","0","5.17","13","16","79.0","83","45","11","61","42","1.59","6.98","4.83","5.14","0.2","17018"
"Drew Smyly","Rangers","5","7","0","0","5.17","18","18","102.0","107","59","20","99","43","1.46","8.69","3.75","5.15","0.5","11760"
"Cody Carroll","Orioles","0","0","0","0","5.02","0","3","3.0","3","2","1","3","2","1.54","9.02","5.19","5.16","0.0","17664"
"Jose Ruiz","White Sox","1","1","0","4","5.08","0","30","30.0","30","17","5","29","17","1.57","8.75","5.22","5.16","-0.1","14552"
"Triston McKenzie","Indians","0","0","0","0","5.04","1","1","6.0","6","3","1","6","3","1.40","8.05","3.67","5.16","0.0","sa874760"
"Scott Blewett","Royals","0","0","0","0","5.06","0","7","7.0","7","4","1","5","2","1.45","6.28","3.34","5.17","0.0","sa828695"
"Jimmy Cordero","Mariners","0","0","0","0","5.08","0","3","3.0","3","2","0","3","2","1.61","7.89","5.46","5.17","0.0","15690"
"Keury Mella","Reds","0","0","0","0","5.07","1","1","6.0","6","3","1","5","3","1.48","7.42","4.06","5.18","0.0","15964"
"Cole Irvin","Phillies","1","2","0","0","5.13","4","4","25.0","28","14","4","18","8","1.44","6.55","2.97","5.18","0.1","19244"
"Jeremy Hellickson","Nationals","4","6","0","0","5.16","15","15","87.0","95","50","16","62","28","1.41","6.43","2.87","5.18","0.3","4371"
"Zach Plesac","Indians","1","1","0","0","5.14","2","2","12.0","13","7","2","9","4","1.38","6.90","2.72","5.18","0.0","19979"
"Andrew Cashner","Orioles","5","9","0","0","5.26","19","19","111.0","125","65","18","78","44","1.52","6.35","3.54","5.19","0.5","8782"
"Anthony Kay","Mets","1","1","0","0","4.99","2","2","12.0","12","7","2","11","6","1.50","7.74","4.48","5.20","0.0","sa738470"
"Manny Banuelos","White Sox","4","7","0","0","5.12","14","14","81.0","82","46","14","79","45","1.56","8.72","5.00","5.20","0.2","5365"
"Josh Fields","Rangers","0","0","0","1","5.10","0","7","7.0","7","4","1","6","3","1.43","7.93","3.84","5.20","0.0","5070"
"Heath Fillmyer","Royals","1","2","0","0","5.25","3","13","29.0","32","17","4","19","12","1.51","5.99","3.65","5.21","0.0","17466"
"Foster Griffin","Royals","0","0","0","0","5.07","1","1","6.0","7","3","1","4","2","1.48","6.22","3.60","5.21","0.0","sa828674"
"Genesis Cabrera","Cardinals","1","2","0","1","4.99","3","10","26.0","25","14","4","23","14","1.51","8.01","4.75","5.23","0.0","sa828534"
"Reynaldo Lopez","White Sox","5","8","0","0","5.09","19","19","112.0","114","64","21","98","48","1.44","7.82","3.81","5.23","0.5","16400"
"Jimmy Yacabonis","Orioles","1","1","0","0","5.26","0","17","17.0","18","10","3","13","8","1.55","6.99","4.36","5.23","0.0","15157"
"Bo Takahashi","Diamondbacks","0","0","0","0","5.30","1","1","6.0","6","4","1","5","2","1.45","7.49","3.63","5.23","0.0","sa830370"
"Taylor Hearn","Rangers","2","2","0","0","5.25","6","6","32.0","32","19","5","30","17","1.56","8.42","4.92","5.25","0.1","18325"
"Edinson Volquez","Rangers","1","2","0","0","5.44","4","8","29.0","32","17","4","21","15","1.63","6.63","4.66","5.26","0.1","3990"
"Zac Reininger","Tigers","1","2","0","3","5.35","0","30","30.0","34","18","5","22","12","1.52","6.41","3.57","5.27","-0.1","15285"
"Jimmy Lambert","White Sox","0","0","0","0","5.22","1","1","6.0","6","4","1","5","3","1.49","7.44","4.02","5.28","0.0","sa918003"
"Nick Tropeano","Angels","3","4","0","0","5.15","10","10","55.0","59","32","11","46","22","1.46","7.46","3.54","5.28","0.1","12385"
"J.B. Bukauskas","Astros","0","0","0","0","5.18","1","1","6.0","6","3","1","5","3","1.57","7.82","5.13","5.28","0.0","sa829263"
"Jake Jewell","Angels","0","0","0","0","5.10","0","7","7.0","7","4","1","5","3","1.56","6.98","4.40","5.29","0.0","16958"
"John Means","Orioles","4","8","0","0","5.33","17","17","98.0","112","58","19","70","29","1.44","6.37","2.66","5.30","0.4","16269"
"Elieser Hernandez","Marlins","2","4","0","2","5.26","6","26","52.0","54","31","10","45","23","1.48","7.77","3.92","5.30","-0.2","16933"
"Mike Shawaryn","Red Sox","0","0","0","0","5.34","1","1","6.0","6","4","1","5","3","1.47","7.23","3.75","5.30","0.0","sa738524"
"Dylan Covey","White Sox","4","9","0","0","5.46","16","20","97.0","108","59","15","68","47","1.60","6.30","4.39","5.33","0.1","14825"
"Yohander Mendez","Rangers","0","1","0","0","5.16","1","4","10.0","10","6","2","8","5","1.49","7.26","4.18","5.33","0.0","14391"
"Drew Anderson","Phillies","0","0","0","1","5.33","0","5","5.0","5","3","1","4","2","1.48","7.61","3.70","5.34","0.0","15130"
"Odrisamer Despaigne","White Sox","1","2","0","0","5.30","4","4","25.0","27","15","4","19","11","1.53","6.70","4.05","5.34","0.0","16017"
"Kyle Funkhouser","Tigers","0","0","0","0","5.37","1","1","6.0","6","4","1","5","3","1.60","7.53","5.01","5.35","0.0","sa827397"
"Adam Plutko","Indians","3","4","0","0","5.37","6","20","51.0","55","30","11","41","17","1.41","7.31","2.93","5.37","0.1","15846"
"Aaron Slegers","Rays","1","1","0","0","5.30","3","3","18.0","21","11","3","12","6","1.44","5.65","2.74","5.37","0.0","15231"
"Tony Santillan","Reds","1","1","0","0","5.24","2","2","12.0","12","7","2","11","6","1.51","7.76","4.47","5.40","0.0","sa874781"
"Harrison Musgrave","Rockies","0","1","0","0","5.56","0","10","10.0","11","6","2","9","5","1.55","7.62","4.12","5.41","0.0","16532"
"Devin Smeltzer","Twins","1","2","0","0","5.33","4","4","25.0","28","15","5","17","8","1.43","6.10","2.82","5.44","0.0","19487"
"Ryan Carpenter","Tigers","3","5","0","0","5.58","10","10","57.0","65","35","12","44","17","1.46","6.90","2.76","5.45","0.0","12699"
"Kyle Dowdy","Rangers","2","4","0","2","5.80","3","27","43.0","50","28","8","34","21","1.64","7.07","4.32","5.47","-0.1","19285"
"Pedro Araujo","Orioles","0","0","0","0","5.45","0","3","3.0","3","2","1","3","2","1.57","8.77","5.00","5.47","0.0","17697"
"James Shields","","5","8","0","0","5.47","19","19","117.0","127","71","23","95","47","1.49","7.28","3.64","5.48","-0.1","7059"
"Edwin Jackson","Blue Jays","3","6","0","0","5.46","14","14","79.0","87","48","15","60","33","1.52","6.86","3.77","5.49","-0.1","1841"
"Trey Supak","Brewers","0","0","0","0","5.43","1","1","6.0","7","4","1","5","2","1.48","6.88","3.56","5.50","0.0","sa828707"
"Marco Estrada","Athletics","3","4","0","0","5.44","10","10","55.0","58","33","11","39","21","1.43","6.39","3.42","5.50","0.0","1118"
"Elvis Luciano","Blue Jays","1","1","0","0","5.39","0","17","17.0","18","10","2","12","9","1.65","6.41","5.12","5.52","-0.1","20632"
"C.D. Pelham","Rangers","0","0","0","0","5.24","0","7","7.0","7","4","1","6","5","1.71","7.97","6.55","5.53","0.0","19820"
"Chance Adams","Yankees","1","1","0","0","5.42","2","2","12.0","13","7","2","11","7","1.57","7.97","4.90","5.57","0.0","18135"
"Gregory Soto","Tigers","2","3","0","0","5.57","7","7","38.0","40","23","5","29","27","1.77","6.84","6.42","5.58","0.0","19677"
"Ricardo Sanchez","Mariners","0","0","0","0","5.39","1","1","6.0","7","4","1","4","3","1.58","6.11","4.37","5.59","0.0","sa830302"
"Carson Fulmer","White Sox","0","1","0","0","5.49","0","10","10.0","10","6","2","9","6","1.66","8.01","5.71","5.60","0.0","18311"
"Jesus Tinoco","Rockies","1","1","0","0","5.79","2","2","12.0","14","8","2","9","5","1.57","6.63","3.86","5.63","0.0","sa657723"
"Stephen Gonsalves","Twins","1","1","0","0","5.36","2","2","13.0","12","7","2","11","7","1.58","7.81","5.30","5.64","0.0","15492"
"Keegan Akin","Orioles","1","1","0","0","5.46","2","2","12.0","12","7","2","11","6","1.53","8.15","4.72","5.66","0.0","sa873980"
"Josh Rogers","Orioles","2","3","0","0","5.74","6","6","37.0","44","23","7","22","11","1.52","5.34","2.77","5.67","0.0","18510"
"Jordan Stephens","White Sox","1","2","0","0","5.60","3","7","22.0","24","14","4","17","10","1.52","7.03","4.02","5.68","0.0","sa875031"
"Alex Faedo","Tigers","0","0","0","0","5.66","1","1","6.0","7","4","1","5","2","1.43","6.93","3.06","5.69","0.0","sa829855"
"Jake Woodford","Cardinals","0","0","0","0","5.64","1","1","6.0","7","4","1","4","3","1.61","6.44","4.72","5.70","0.0","sa874753"
"Ryan Castellani","Rockies","1","1","0","0","5.91","2","2","12.0","14","8","2","10","7","1.64","6.89","4.71","5.75","0.0","sa828689"
"Hunter Harvey","Orioles","0","0","0","0","5.76","1","1","6.0","7","4","1","5","2","1.51","6.99","3.66","5.75","0.0","sa737510"
"Julian Fernandez","Marlins","0","0","0","0","5.50","0","7","7.0","7","4","1","5","5","1.78","6.71","6.74","5.77","0.0","sa737347"
"Beau Burrows","Tigers","1","1","0","0","5.81","2","2","12.0","13","8","3","10","6","1.55","7.08","4.28","5.84","0.0","sa874682"
"Jose Fernandez","Tigers","0","1","0","0","5.74","0","10","10.0","11","6","2","8","6","1.69","7.22","5.79","5.85","0.0","14733"
"Conner Greene","Royals","0","1","0","0","5.82","2","2","12.0","13","8","2","8","8","1.71","6.01","5.63","5.93","-0.1","sa737829"
"Kodi Medeiros","White Sox","1","1","0","0","5.74","2","2","12.0","13","8","2","9","8","1.68","6.81","5.63","5.99","-0.1","sa828664"
"David Hess","Orioles","4","9","0","0","6.07","16","16","93.0","106","63","22","72","37","1.54","6.98","3.62","6.05","-0.2","16130"
"Sandy Baez","Tigers","1","2","0","0","6.14","0","24","24.0","27","16","5","17","11","1.64","6.34","4.30","6.10","-0.1","17754"
"Luis Ortiz","Orioles","0","1","0","0","6.27","2","2","12.0","14","8","3","7","5","1.63","5.48","4.02","6.29","-0.1","16942"
"Dan Straily","Orioles","2","4","0","0","6.28","9","9","50.0","57","35","13","38","21","1.56","6.91","3.76","6.35","-0.3","9460"
