"Name","Team","W","L","SV","G","GS","IP","K/9","BB/9","HR/9","BABIP","LOB%","GB%","HR/FB","ERA","FIP","xFIP","WAR","playerid"
"Max Scherzer","Nationals","2","5","0","12","12","77.1","11.87","1.98","0.70",".359","74.2 %","44.9 %","9.0 %","3.26","2.32","2.97","2.8","3137"
"Stephen Strasburg","Nationals","5","3","0","12","12","79.0","11.16","2.28","0.80",".276","71.6 %","48.9 %","12.1 %","3.19","2.68","2.93","2.6","10131"
"Matthew Boyd","Tigers","5","4","0","12","12","72.2","10.90","1.86","0.87",".291","79.5 %","38.5 %","9.3 %","2.85","2.79","3.51","2.5","15440"
"German Marquez","Rockies","5","2","0","12","12","78.1","8.73","1.61","0.92",".299","75.2 %","53.6 %","13.6 %","3.56","3.18","3.29","2.2","15038"
"Hyun-Jin Ryu","Dodgers","7","1","0","10","10","65.1","8.54","0.55","0.83",".259","92.1 %","45.9 %","12.5 %","1.65","2.62","2.82","2.1","14444"
"Lucas Giolito","White Sox","7","1","0","10","10","60.0","10.35","3.00","0.60",".252","72.7 %","36.4 %","7.0 %","2.85","2.85","3.80","2.1","15474"
"Gerrit Cole","Astros","5","5","0","12","12","71.2","14.07","2.26","1.51",".310","67.0 %","40.4 %","21.4 %","4.02","2.94","2.26","2.0","13125"
"Frankie Montas","Athletics","6","2","0","11","11","64.0","9.28","2.53","0.56",".311","72.6 %","51.7 %","8.3 %","2.81","2.87","3.49","2.0","14309"
"Mike Minor","Rangers","5","3","0","11","11","70.2","9.17","2.80","0.89",".285","85.9 %","41.3 %","9.6 %","2.55","3.41","4.09","2.0","10021"
"Lance Lynn","Rangers","6","4","0","11","11","67.2","9.31","2.93","0.80",".346","70.0 %","39.4 %","8.8 %","4.66","3.33","4.09","2.0","2520"
"Kyle Hendricks","Cubs","5","4","0","11","11","70.0","7.84","1.67","0.77",".291","69.3 %","43.6 %","8.8 %","3.09","3.24","3.98","1.9","12049"
"Tyler Glasnow","Rays","6","1","0","8","8","48.1","10.24","1.68","0.56",".276","82.9 %","51.7 %","8.3 %","1.86","2.23","2.84","1.8","14374"
"Jake Odorizzi","Twins","7","2","0","11","11","58.1","9.41","3.09","0.62",".238","82.4 %","27.0 %","5.6 %","2.16","3.02","4.45","1.8","6397"
"Zack Wheeler","Mets","4","3","0","11","11","70.0","10.03","3.09","0.90",".323","68.1 %","47.7 %","11.3 %","4.63","3.24","3.63","1.8","10310"
"Jose Berrios","Twins","7","2","0","11","11","70.1","8.19","1.41","1.15",".300","78.7 %","38.0 %","10.8 %","3.20","3.62","4.21","1.8","14168"
"Justin Verlander","Astros","8","2","0","12","12","79.1","10.78","1.93","1.47",".168","93.8 %","35.7 %","15.1 %","2.38","3.67","3.61","1.7","8700"
"Zack Greinke","Diamondbacks","6","2","0","12","12","77.2","8.46","1.27","1.16",".235","79.6 %","43.7 %","14.7 %","2.78","3.36","3.35","1.7","1943"
"Kirby Yates","Padres","0","2","21","25","0","25.0","15.84","2.88","0.00",".372","88.5 %","46.5 %","0.0 %","1.08","0.82","1.96","1.7","9073"
"Patrick Corbin","Nationals","5","2","0","11","11","72.2","10.03","2.72","0.99",".256","80.6 %","47.0 %","11.4 %","2.85","3.33","3.74","1.7","9323"
"Luke Weaver","Diamondbacks","4","3","0","11","11","62.1","9.82","2.02","0.87",".301","78.6 %","40.7 %","9.5 %","3.03","3.02","3.70","1.7","16918"
"Blake Snell","Rays","3","4","0","11","11","61.2","12.11","2.48","1.17",".302","79.9 %","45.3 %","18.2 %","3.06","3.01","2.68","1.7","13543"
"Masahiro Tanaka","Yankees","3","4","0","12","12","70.1","8.32","2.18","1.15",".292","78.4 %","46.3 %","13.6 %","3.20","3.72","3.85","1.7","15764"
"James Paxton","Yankees","3","2","0","8","8","41.2","12.74","3.24","0.65",".319","75.3 %","31.9 %","7.7 %","2.81","2.39","3.24","1.7","11828"
"Charlie Morton","Rays","5","0","0","11","11","60.1","11.49","4.03","0.60",".287","80.7 %","53.6 %","10.0 %","2.54","3.04","3.44","1.6","4676"
"Brandon Woodruff","Brewers","7","1","0","11","11","64.1","10.49","2.38","0.98",".295","79.1 %","40.0 %","11.9 %","3.22","3.15","3.49","1.6","16162"
"Luis Castillo","Reds","5","1","0","12","12","69.2","10.59","4.13","0.65",".253","82.7 %","61.1 %","13.9 %","2.45","3.31","3.36","1.6","15689"
"Tanner Roark","Reds","4","3","0","11","11","56.1","9.43","3.83","0.32",".344","77.6 %","33.8 %","3.6 %","3.20","2.99","4.43","1.6","8753"
"Noah Syndergaard","Mets","3","4","0","12","12","75.1","9.20","2.03","1.19",".333","64.7 %","47.2 %","13.5 %","4.90","3.61","3.76","1.6","11762"
"Joe Musgrove","Pirates","3","5","0","11","10","59.0","6.86","2.59","0.31",".275","52.8 %","46.1 %","3.4 %","4.27","3.07","4.50","1.6","12970"
"Sonny Gray","Reds","2","4","0","11","11","56.0","10.29","3.54","0.64",".296","71.0 %","55.9 %","10.8 %","3.54","3.01","3.34","1.6","12768"
"Brad Peacock","Astros","5","2","0","11","9","53.2","9.73","2.52","0.67",".261","72.5 %","39.7 %","7.0 %","3.19","2.95","4.01","1.5","5401"
"Robbie Ray","Diamondbacks","4","2","0","12","12","62.2","11.78","5.03","0.72",".333","71.4 %","41.2 %","9.4 %","3.59","3.28","3.86","1.4","11486"
"Domingo German","Yankees","9","1","0","11","10","60.1","9.40","2.39","1.34",".239","73.9 %","39.5 %","14.8 %","3.43","3.83","3.82","1.4","17149"
"Mike Soroka","Braves","5","1","0","8","8","50.2","8.17","2.66","0.18",".213","85.0 %","57.6 %","3.6 %","1.07","2.88","3.68","1.4","18383"
"Marcus Stroman","Blue Jays","3","6","0","12","12","69.0","7.43","3.39","0.65",".299","75.3 %","57.6 %","9.6 %","2.74","3.56","4.05","1.4","13431"
"Trevor Williams","Pirates","2","1","0","9","9","54.0","7.00","1.67","0.67",".288","74.1 %","39.9 %","7.0 %","3.33","3.32","4.37","1.4","16977"
"Jacob deGrom","Mets","3","5","0","11","11","63.0","11.00","2.57","1.29",".296","77.6 %","43.3 %","16.1 %","3.71","3.55","3.39","1.4","10954"
"Jordan Lyles","Pirates","5","2","0","10","10","55.1","9.11","3.09","0.81",".264","75.9 %","43.1 %","9.4 %","3.09","3.32","3.97","1.4","7593"
"Chris Sale","Red Sox","1","6","0","11","11","62.1","12.71","2.60","1.44",".275","67.8 %","39.0 %","15.9 %","4.19","3.60","3.45","1.3","10603"
"Caleb Smith","Marlins","3","2","0","10","10","56.0","11.57","2.57","1.29",".250","82.2 %","28.5 %","13.8 %","3.05","3.33","3.45","1.3","14875"
"Marco Gonzales","Mariners","5","5","0","13","13","72.2","6.44","2.35","0.99",".312","63.9 %","41.4 %","8.4 %","3.96","4.05","5.11","1.3","15467"
"Walker Buehler","Dodgers","5","1","0","11","11","60.1","8.65","1.79","1.04",".283","62.9 %","40.8 %","11.5 %","4.03","3.37","3.79","1.3","19374"
"Shane Bieber","Indians","4","2","0","12","11","68.2","11.14","2.23","1.70",".274","79.9 %","38.3 %","18.3 %","3.67","3.95","3.46","1.2","19427"
"David Price","Red Sox","2","2","0","9","9","47.2","10.01","2.08","1.13",".278","78.8 %","44.2 %","14.0 %","2.83","3.24","3.33","1.2","3184"
"Jose Quintana","Cubs","4","4","0","11","10","62.2","8.04","2.73","1.01",".310","73.8 %","50.5 %","13.5 %","3.73","3.71","3.84","1.2","11423"
"Spencer Turnbull","Tigers","2","4","0","11","11","60.2","9.20","3.41","0.89",".297","75.7 %","47.0 %","10.5 %","2.97","3.86","4.37","1.2","16207"
"Madison Bumgarner","Giants","3","5","0","12","12","74.0","9.00","1.70","1.22",".312","67.5 %","37.4 %","13.7 %","4.01","3.58","3.71","1.2","5524"
"Martin Perez","Twins","7","1","0","11","8","58.0","8.69","4.03","0.78",".293","81.7 %","43.5 %","9.3 %","2.95","3.72","4.38","1.2","6902"
"Chris Paddack","Padres","4","3","0","10","10","56.1","9.91","1.92","1.12",".201","77.1 %","44.2 %","13.0 %","2.40","3.40","3.62","1.2","20099"
"Josh Hader","Brewers","1","3","13","20","0","27.0","17.00","2.67","1.67",".171","100.0 %","22.5 %","20.8 %","2.33","2.66","1.94","1.1","14212"
"Eduardo Rodriguez","Red Sox","5","3","0","11","11","60.2","9.79","2.97","1.04",".345","66.5 %","44.0 %","12.3 %","5.04","3.60","3.89","1.1","13164"
"Trevor Bauer","Indians","4","4","0","12","12","76.2","10.33","4.23","1.17",".243","71.4 %","36.6 %","13.3 %","3.99","4.30","4.47","1.1","12703"
"Cole Hamels","Cubs","4","1","0","11","11","62.2","8.62","3.73","1.01",".292","73.8 %","54.1 %","13.5 %","4.02","4.01","4.15","1.1","4972"
"Ty Buttrey","Angels","3","2","2","26","0","28.1","11.12","2.22","0.32",".314","91.5 %","46.5 %","3.8 %","1.27","2.08","3.37","1.1","14719"
"Jon Lester","Cubs","3","4","0","10","10","52.2","8.54","2.22","1.20",".333","73.2 %","40.9 %","11.7 %","3.59","3.76","4.21","1.1","4930"
"Ken Giles","Blue Jays","1","1","10","22","0","21.2","14.12","2.08","0.42",".341","91.8 %","42.2 %","5.3 %","1.25","1.29","2.36","1.1","12910"
"Kyle Gibson","Twins","5","2","0","10","10","57.1","9.42","2.20","1.41",".303","70.7 %","47.1 %","21.4 %","4.08","3.97","3.33","1.1","10123"
"Yusei Kikuchi","Mariners","3","2","0","12","12","63.2","7.07","2.12","1.27",".278","67.3 %","45.6 %","12.9 %","3.82","4.20","4.47","1.1","20633"
"Max Fried","Braves","7","3","0","13","11","62.0","8.13","2.32","1.02",".299","80.7 %","54.0 %","17.1 %","3.19","3.72","3.51","1.1","13743"
"Kevin Gausman","Braves","2","4","0","11","11","55.0","9.33","3.76","0.82",".312","58.3 %","40.8 %","8.9 %","5.56","3.66","4.43","1.0","14107"
"Joey Lucchesi","Padres","3","3","0","10","10","55.0","9.33","2.29","1.15",".291","68.8 %","50.0 %","13.7 %","4.25","3.48","3.60","1.0","19320"
"Jack Flaherty","Cardinals","4","3","0","11","11","59.2","9.80","3.02","1.36",".273","77.4 %","38.6 %","16.4 %","3.77","4.03","3.82","1.0","17479"
"Carlos Carrasco","Indians","4","5","0","11","11","58.2","11.05","1.53","1.99",".340","77.5 %","38.1 %","20.3 %","4.60","4.13","3.33","1.0","6632"
"Clayton Kershaw","Dodgers","5","0","0","8","8","52.0","8.48","1.56","1.38",".285","80.4 %","54.9 %","19.0 %","3.46","3.77","3.31","1.0","2036"
"Brad Hand","Indians","2","2","15","24","0","22.2","13.10","2.78","0.40",".267","91.8 %","13.0 %","5.0 %","1.19","1.86","2.97","1.0","9111"
"Aroldis Chapman","Yankees","0","1","15","23","0","21.2","13.29","2.49","0.42",".277","81.6 %","45.8 %","7.7 %","1.66","1.75","2.30","1.0","10233"
"Felipe Vazquez","Pirates","1","0","14","21","0","23.0","14.48","1.96","0.78",".353","90.5 %","34.6 %","10.0 %","1.57","1.83","2.36","1.0","12076"
"Ryan Pressly","Astros","1","0","2","23","0","25.1","10.30","0.71","0.36",".207","100.0 %","59.3 %","11.1 %","0.36","1.60","1.76","1.0","7005"
"Tyler Skaggs","Angels","4","4","0","9","9","47.0","9.00","3.26","1.15",".308","70.7 %","33.1 %","11.1 %","4.40","4.01","4.54","0.9","10190"
"John Means","Orioles","5","4","0","13","9","54.2","7.41","2.47","1.15",".248","79.3 %","41.7 %","10.3 %","2.80","4.20","4.91","0.9","16269"
"Zach Davies","Brewers","5","0","0","11","11","61.2","6.13","2.77","0.88",".277","83.3 %","41.8 %","9.0 %","2.19","4.06","4.87","0.9","13183"
"Zach Eflin","Phillies","5","5","0","11","11","65.2","6.99","1.92","1.37",".277","85.1 %","43.2 %","12.0 %","3.02","4.34","4.77","0.9","13774"
"Emilio Pagan","Rays","1","0","3","17","0","19.0","12.79","2.37","0.00",".243","92.9 %","37.8 %","0.0 %","0.47","1.08","2.29","0.9","14771"
"Jon Gray","Rockies","4","4","0","11","11","65.2","9.32","3.43","1.51",".311","76.4 %","47.4 %","20.8 %","4.52","4.48","3.84","0.9","14916"
"Jose Urena","Marlins","3","6","0","11","11","65.2","5.89","2.60","0.96",".309","70.6 %","51.2 %","11.5 %","4.11","4.17","4.56","0.8","11589"
"Kenta Maeda","Dodgers","6","2","0","10","10","56.1","8.95","3.20","1.28",".262","78.5 %","38.0 %","13.6 %","3.67","4.06","4.21","0.8","18498"
"Jalen Beeks","Rays","4","0","1","13","0","41.1","8.71","3.27","0.22",".311","79.1 %","41.9 %","2.6 %","2.83","2.89","4.38","0.8","17192"
"Brad Keller","Royals","3","6","0","12","12","71.0","6.08","5.32","0.38",".274","69.3 %","50.0 %","5.5 %","4.56","4.40","5.33","0.8","15734"
"Marcus Walden","Red Sox","6","0","1","20","0","30.2","9.98","2.35","0.59",".233","75.4 %","53.3 %","11.1 %","2.05","2.65","2.92","0.8","8004"
"Wade Miley","Astros","5","3","0","12","12","69.1","7.01","2.08","1.43",".260","83.6 %","49.3 %","15.7 %","3.25","4.38","4.24","0.8","8779"
"Carlos Rodon","White Sox","3","2","0","7","7","34.2","11.94","4.41","1.04",".322","63.9 %","43.0 %","11.4 %","5.19","3.54","3.97","0.8","16137"
"Gio Gonzalez","Brewers","2","1","0","6","6","31.0","7.55","2.61","0.58",".299","76.0 %","45.5 %","7.4 %","3.19","3.17","3.99","0.8","7448"
"Luke Jackson","Braves","3","1","7","24","0","27.0","12.00","2.67","0.67",".354","80.1 %","71.6 %","18.2 %","3.00","2.43","2.25","0.8","11752"
"Tyler Mahle","Reds","1","5","0","10","10","56.1","9.43","1.92","1.60",".318","79.3 %","43.4 %","20.4 %","4.15","4.10","3.45","0.8","16358"
"Pablo Lopez","Marlins","3","5","0","11","11","57.2","8.58","2.34","1.25",".289","65.3 %","50.6 %","16.0 %","4.99","4.07","3.92","0.8","17085"
"Mike Clevinger","Indians","1","0","0","2","2","12.0","16.50","3.00","0.00",".125","100.0 %","43.8 %","0.0 %","0.00","0.47","1.27","0.8","12808"
"Jonathan Holder","Yankees","4","2","0","22","0","27.2","9.76","2.93","0.65",".297","60.9 %","38.2 %","6.5 %","4.55","2.99","4.19","0.8","16588"
"Will Smith","Giants","1","0","12","21","0","20.2","13.06","1.74","0.87",".256","75.8 %","46.3 %","16.7 %","2.61","2.07","1.92","0.8","8048"
"Liam Hendriks","Athletics","2","0","0","24","2","30.2","9.98","3.82","0.29",".280","86.7 %","28.8 %","2.5 %","1.76","2.71","4.78","0.8","3548"
"Eric Lauer","Padres","4","4","0","11","11","58.2","7.52","2.15","1.23",".295","69.4 %","44.0 %","11.8 %","4.45","4.06","4.50","0.8","19316"
"Aaron Nola","Phillies","6","0","0","12","12","64.2","10.30","3.90","1.39",".345","80.0 %","47.2 %","20.4 %","4.18","4.30","3.73","0.7","16149"
"Jake Arrieta","Phillies","5","4","0","11","11","70.0","7.59","3.34","1.16",".289","77.4 %","51.7 %","15.8 %","3.60","4.37","4.25","0.7","4153"
"Matt Strahm","Padres","2","4","0","10","10","56.0","8.20","1.77","1.29",".280","82.4 %","35.6 %","11.6 %","3.21","3.98","4.47","0.7","13799"
"Ross Stripling","Dodgers","2","2","0","14","6","42.0","8.36","2.57","0.86",".293","77.6 %","46.6 %","10.8 %","3.43","3.52","3.96","0.7","13273"
"Joakim Soria","Athletics","1","4","0","25","0","26.2","8.44","3.38","0.00",".274","56.3 %","38.9 %","0.0 %","4.73","2.61","4.54","0.7","6941"
"Hector Neris","Phillies","1","1","10","23","0","23.2","12.93","2.66","0.76",".245","84.2 %","49.0 %","10.5 %","1.90","2.50","2.94","0.7","11804"
"Pedro Baez","Dodgers","2","2","0","25","0","24.1","8.88","2.22","0.37",".234","39.8 %","38.7 %","3.3 %","3.33","2.68","4.50","0.7","5420"
"Jameson Taillon","Pirates","2","3","0","7","7","37.1","7.23","1.93","0.96",".263","52.1 %","49.6 %","12.9 %","4.10","3.73","3.92","0.7","11674"
"Nick Wittgren","Indians","2","0","1","17","0","20.0","9.90","0.90","0.45",".294","78.3 %","36.5 %","5.9 %","2.25","1.89","2.86","0.7","15594"
"David Hernandez","Reds","1","3","1","27","0","25.0","10.80","3.24","0.72",".358","66.3 %","27.3 %","6.5 %","5.04","2.98","4.30","0.7","4259"
"Ryne Stanek","Rays","0","1","0","23","15","30.1","9.49","2.97","0.89",".253","79.1 %","32.9 %","8.1 %","2.97","3.30","4.34","0.7","15947"
"Robert Gsellman","Mets","1","0","0","25","0","33.2","8.82","2.94","0.53",".323","67.1 %","47.5 %","6.9 %","3.74","3.02","3.89","0.7","13696"
"Brett Anderson","Athletics","6","3","0","11","11","60.2","4.75","3.56","0.74",".271","74.7 %","52.0 %","8.9 %","3.86","4.49","5.18","0.7","8223"
"Trent Thornton","Blue Jays","1","4","0","12","12","59.2","9.80","4.22","1.51",".278","76.1 %","32.7 %","16.7 %","4.53","4.59","4.34","0.7","17948"
"Rick Porcello","Red Sox","4","4","0","11","11","63.1","7.25","3.13","1.42",".276","67.1 %","40.4 %","11.6 %","4.41","4.72","5.26","0.7","2717"
"Amir Garrett","Reds","3","1","0","27","0","23.0","14.09","3.91","0.78",".341","91.3 %","52.2 %","15.4 %","1.96","2.57","2.52","0.7","14375"
"Jake Diekman","Royals","0","2","0","26","0","23.0","13.30","4.30","0.00",".233","70.4 %","45.2 %","0.0 %","3.13","2.40","3.48","0.7","5003"
"Homer Bailey","Royals","4","5","0","11","11","51.1","8.59","4.03","1.23",".319","64.0 %","43.3 %","14.9 %","5.79","4.40","4.38","0.6","8362"
"Zack Britton","Yankees","2","0","2","25","0","24.1","8.88","3.33","0.37",".286","82.7 %","75.0 %","14.3 %","2.22","2.81","2.82","0.6","3240"
"Raisel Iglesias","Reds","1","5","11","24","0","26.1","12.30","2.73","1.37",".328","87.1 %","23.4 %","15.4 %","3.08","3.29","3.20","0.6","17130"
"Matt Barnes","Red Sox","2","1","3","22","0","21.2","16.20","3.32","1.25",".278","95.5 %","60.5 %","37.5 %","2.08","2.58","1.49","0.6","12863"
"Danny Duffy","Royals","3","1","0","6","6","34.2","7.01","3.12","0.78",".304","75.3 %","40.4 %","7.7 %","3.12","3.92","4.94","0.6","3542"
"Roenis Elias","Mariners","2","0","5","22","0","26.0","9.69","4.15","0.69",".299","58.5 %","34.6 %","7.1 %","4.15","3.37","4.42","0.6","12673"
"Andrew Cashner","Orioles","5","2","0","11","11","59.1","7.28","3.03","1.52",".278","72.3 %","51.1 %","15.9 %","4.55","4.72","4.56","0.6","8782"
"Julio Teheran","Braves","3","4","0","12","12","66.1","8.55","4.48","1.09",".241","77.8 %","39.3 %","11.3 %","3.53","4.48","4.95","0.6","6797"
"Corey Kluber","Indians","2","3","0","7","7","35.2","9.59","3.79","1.01",".370","63.8 %","40.0 %","9.8 %","5.80","3.98","4.71","0.6","2429"
"Aaron Sanchez","Blue Jays","3","5","0","12","12","60.0","8.40","4.95","0.90",".313","75.9 %","51.2 %","12.2 %","3.75","4.57","4.83","0.6","11490"
"Diego Castillo","Rays","1","3","6","26","0","28.1","10.80","3.49","0.95",".266","82.1 %","49.2 %","13.0 %","2.54","3.28","3.45","0.6","17496"
"Anibal Sanchez","Nationals","1","6","0","10","10","48.1","8.94","4.84","1.12",".291","72.8 %","31.7 %","10.0 %","4.47","4.38","5.13","0.6","3284"
"Ryne Harper","Twins","0","0","1","22","0","22.1","8.06","2.01","0.40",".217","85.2 %","37.7 %","4.3 %","1.61","2.60","3.98","0.6","12680"
"Francisco Liriano","Pirates","1","0","0","24","0","25.1","10.66","4.26","0.36",".262","94.2 %","45.9 %","3.8 %","1.07","2.70","4.15","0.6","3201"
"Sean Doolittle","Nationals","3","1","10","23","0","23.0","10.96","2.74","1.17",".349","83.3 %","21.5 %","7.9 %","3.52","3.44","4.90","0.6","1581"
"Adrian Sampson","Rangers","3","3","0","12","5","51.2","6.10","2.26","1.22",".339","74.4 %","38.5 %","10.0 %","4.53","4.53","5.36","0.6","13339"
"Matt Shoemaker","Blue Jays","3","0","0","5","5","28.2","7.53","2.83","0.94",".183","87.2 %","51.4 %","11.1 %","1.57","3.87","4.31","0.6","4776"
"Kenley Jansen","Dodgers","2","1","15","22","0","23.0","12.52","1.96","1.57",".255","67.1 %","33.3 %","14.8 %","3.52","3.27","3.25","0.6","3096"
"Tommy Kahnle","Yankees","2","0","0","25","0","22.0","13.09","2.45","1.23",".182","85.9 %","59.6 %","20.0 %","1.64","2.82","2.35","0.6","11384"
"Sam Dyson","Giants","2","0","1","25","0","27.0","9.00","1.33","0.33",".301","68.8 %","59.7 %","7.1 %","2.67","2.28","2.79","0.6","11710"
"Shane Greene","Tigers","0","2","18","24","0","24.0","10.13","2.63","1.13",".175","77.4 %","51.7 %","13.6 %","1.13","3.51","3.64","0.5","10756"
"Daniel Mengden","Athletics","1","1","0","4","3","20.2","8.27","6.10","0.00",".283","77.4 %","33.3 %","0.0 %","3.05","3.33","5.64","0.5","16980"
"Ian Kennedy","Royals","0","2","2","21","0","22.2","10.32","1.59","0.79",".397","72.9 %","49.3 %","7.4 %","4.37","2.52","3.65","0.5","6986"
"Sandy Alcantara","Marlins","2","5","0","10","10","58.0","5.90","4.03","0.93",".287","67.9 %","47.2 %","10.5 %","4.50","4.62","5.15","0.5","18684"
"Ariel Jurado","Rangers","1","2","0","11","2","23.2","6.08","1.90","0.76",".276","59.5 %","55.8 %","11.1 %","2.28","3.52","3.87","0.5","17030"
"John Gant","Cardinals","3","0","2","24","0","28.2","9.73","2.51","0.94",".155","100.0 %","45.9 %","14.3 %","1.26","3.17","3.21","0.5","13684"
"Roberto Osuna","Astros","3","0","15","25","0","25.1","8.88","1.07","1.07",".177","87.0 %","34.4 %","11.1 %","2.13","3.18","3.67","0.5","13764"
"Daniel Norris","Tigers","2","3","0","11","8","51.2","6.62","2.44","1.57",".308","77.4 %","41.8 %","15.0 %","4.18","4.74","4.70","0.5","13475"
"Trevor Gott","Giants","2","0","0","21","0","24.0","9.38","2.25","0.38",".224","66.3 %","44.1 %","4.2 %","3.00","2.47","3.84","0.5","15046"
"Robert Stephenson","Reds","2","1","0","21","0","25.0","12.60","3.60","0.72",".236","58.6 %","33.9 %","8.7 %","3.96","2.58","3.29","0.5","13594"
"Seth Lugo","Mets","2","0","0","19","0","26.0","11.77","2.08","1.04",".270","63.0 %","43.9 %","12.0 %","3.12","2.94","3.28","0.5","12447"
"Will Harris","Astros","1","0","0","21","0","19.0","8.05","2.37","0.00",".240","88.2 %","62.0 %","0.0 %","0.95","2.14","3.14","0.5","3192"
"Blake Treinen","Athletics","2","2","11","22","0","27.1","9.55","3.95","0.99",".306","79.9 %","40.3 %","11.1 %","3.62","3.87","4.33","0.5","12572"
"Adam Ottavino","Yankees","2","1","0","25","0","26.1","11.28","6.15","0.68",".226","96.0 %","42.6 %","8.0 %","1.37","3.78","4.61","0.5","1247"
"Lou Trivino","Athletics","2","1","0","26","0","27.0","9.67","4.67","0.67",".246","69.5 %","35.9 %","6.7 %","3.67","3.62","4.78","0.5","15043"
"Greg Holland","Diamondbacks","1","0","9","18","0","17.2","12.23","5.09","0.51",".222","90.9 %","41.7 %","6.7 %","1.53","2.85","3.74","0.5","7196"
"Matt Moore","Tigers","0","0","0","2","2","10.0","8.10","0.90","0.00",".130","100.0 %","59.1 %","0.0 %","0.00","1.64","2.97","0.5","1890"
"Yonny Chirinos","Rays","6","1","0","11","5","55.2","6.79","1.62","1.46",".197","80.2 %","38.5 %","15.3 %","2.91","4.38","4.30","0.5","16401"
"Brandon Workman","Red Sox","3","1","1","27","0","24.1","12.95","6.66","0.37",".125","79.7 %","45.0 %","7.1 %","2.22","3.01","3.58","0.5","11428"
"Steven Matz","Mets","4","3","0","10","10","50.2","9.06","2.84","1.78",".302","81.8 %","47.6 %","18.9 %","3.55","4.70","4.13","0.5","13361"
"Chase Anderson","Brewers","2","0","0","9","4","27.2","9.43","4.23","0.98",".284","79.3 %","32.5 %","9.4 %","3.25","3.86","4.66","0.4","6895"
"Alex Colome","White Sox","2","0","11","23","0","22.2","8.34","1.99","0.79",".118","88.2 %","35.8 %","7.4 %","1.59","3.09","4.22","0.4","6661"
"Dylan Bundy","Orioles","2","6","0","11","11","59.0","9.15","3.20","1.98",".255","74.8 %","36.7 %","17.8 %","4.58","5.24","4.74","0.4","12917"
"J.A. Happ","Yankees","4","3","0","11","11","58.1","7.71","2.01","2.16",".278","75.8 %","38.9 %","18.4 %","5.09","5.37","4.73","0.4","7410"
"Chris Bassitt","Athletics","3","1","0","7","7","41.1","10.23","3.70","1.74",".229","90.2 %","45.6 %","20.0 %","3.27","4.83","4.16","0.4","12304"
"Jefry Rodriguez","Indians","1","5","0","7","7","39.2","6.58","3.63","1.13",".304","67.3 %","48.8 %","12.5 %","4.99","4.52","4.81","0.4","17018"
"Jakob Junis","Royals","3","5","0","11","11","61.1","7.92","3.38","1.47",".319","66.3 %","46.1 %","16.1 %","5.58","4.77","4.58","0.4","13619"
"Jose Alvarado","Rays","0","4","6","24","0","21.2","12.46","6.23","0.42",".327","78.4 %","43.8 %","5.9 %","3.32","3.04","3.94","0.4","17780"
"John Brebbia","Cardinals","1","2","0","25","0","29.1","10.74","3.07","0.92",".221","96.9 %","31.0 %","8.6 %","1.53","3.31","4.26","0.4","12777"
"Drew Gagnon","Mets","3","1","0","10","0","16.0","7.31","1.69","0.56",".308","56.1 %","39.6 %","4.8 %","5.06","3.07","4.77","0.4","12545"
"Merrill Kelly","Diamondbacks","4","6","0","11","11","59.2","6.79","3.47","1.36",".308","74.9 %","41.7 %","13.2 %","4.83","4.80","5.01","0.4","11156"
"Julio Urias","Dodgers","2","2","2","11","4","31.1","10.05","2.59","1.15",".277","77.8 %","41.2 %","11.8 %","3.45","3.71","4.12","0.4","14765"
"Taylor Rogers","Twins","1","1","4","21","0","22.2","11.91","2.38","1.19",".390","94.2 %","45.9 %","15.0 %","2.38","3.40","3.37","0.4","13449"
"Reyes Moronta","Giants","1","4","0","22","0","25.1","13.86","4.97","0.71",".291","76.9 %","28.1 %","7.4 %","3.55","2.98","3.99","0.4","14966"
"Kyle Ryan","Cubs","1","1","0","23","0","18.0","10.00","3.50","0.50",".340","63.6 %","51.0 %","10.0 %","4.50","2.80","3.14","0.4","11753"
"Rich Hill","Dodgers","1","1","0","6","6","33.0","10.09","1.64","1.91",".277","85.1 %","50.0 %","24.1 %","2.73","4.38","3.30","0.4","4806"
"Tommy Milone","Mariners","1","1","0","2","2","10.2","10.97","1.69","0.84",".240","65.8 %","34.6 %","9.1 %","3.38","2.48","3.23","0.4","7608"
"Griffin Canning","Angels","2","1","0","6","6","32.1","9.46","2.51","1.67",".203","89.0 %","38.8 %","14.6 %","3.06","4.37","4.38","0.4","19867"
"Wade Davis","Rockies","1","1","7","17","0","14.2","11.05","6.14","0.00",".324","81.8 %","54.1 %","0.0 %","2.45","2.73","3.90","0.4","7441"
"Robbie Erlin","Padres","0","1","0","17","1","24.1","10.36","1.85","1.11",".343","70.9 %","46.4 %","13.6 %","4.07","3.05","3.18","0.4","10354"
"Adam Wainwright","Cardinals","4","5","0","11","11","58.1","7.87","3.55","1.39",".301","72.2 %","47.7 %","17.6 %","4.94","4.78","4.45","0.4","2233"
"Felix Pena","Angels","2","1","0","10","4","44.2","8.66","2.01","1.41",".222","78.0 %","40.7 %","15.2 %","3.22","4.19","4.12","0.4","13403"
"Steve Cishek","Cubs","1","2","5","24","0","24.0","9.38","3.38","0.75",".254","79.4 %","58.3 %","11.1 %","3.00","3.51","3.86","0.4","6483"
"Hansel Robles","Angels","2","0","6","27","1","25.1","8.88","2.49","1.07",".242","64.2 %","35.3 %","8.8 %","4.26","3.53","4.55","0.4","11801"
"Kyle Crick","Pirates","2","1","0","19","0","17.2","8.15","4.58","0.00",".233","81.0 %","52.5 %","0.0 %","2.04","3.19","4.71","0.3","13182"
"Trevor Hildenberger","Twins","2","2","1","19","0","14.0","9.00","2.57","0.64",".460","59.4 %","31.4 %","6.7 %","8.36","3.35","4.47","0.3","17002"
"Justin Anderson","Angels","2","0","1","19","0","18.2","13.98","4.82","0.96",".349","67.5 %","26.7 %","12.5 %","5.30","3.19","3.43","0.3","16201"
"Scott Barlow","Royals","1","1","1","19","0","27.2","13.34","3.58","1.30",".317","76.4 %","39.7 %","20.0 %","4.23","3.57","3.07","0.3","14993"
"Devin Smeltzer","Twins","0","0","0","1","1","6.0","10.50","0.00","0.00",".231","100.0 %","38.5 %","0.0 %","0.00","0.80","2.39","0.3","19487"
"Sean Newcomb","Braves","0","0","1","13","3","24.1","6.29","3.33","0.74",".304","83.9 %","43.2 %","6.1 %","2.96","3.92","5.44","0.3","16943"
"Jerad Eickhoff","Phillies","2","2","1","8","7","42.0","8.36","3.21","1.50",".257","80.1 %","36.3 %","13.5 %","3.86","4.59","4.79","0.3","12664"
"Miles Mikolas","Cardinals","4","5","0","11","11","62.1","6.64","1.44","1.73",".274","71.4 %","47.2 %","20.0 %","4.76","4.84","4.17","0.3","9803"
"J.B. Wendelken","Athletics","0","1","0","18","0","21.0","9.86","2.57","0.86",".305","53.7 %","31.7 %","6.7 %","5.57","3.18","4.67","0.3","14506"
"Nick Burdi","Pirates","2","1","0","11","0","8.2","17.65","3.12","1.04",".526","39.7 %","20.0 %","10.0 %","9.35","1.75","2.45","0.3","16074"
"Wander Suero","Nationals","1","4","0","24","0","22.1","12.90","3.63","1.21",".346","52.2 %","40.7 %","15.8 %","6.85","3.36","3.24","0.3","15855"
"Taylor Cole","Angels","0","0","0","8","1","12.2","10.66","4.26","0.00",".371","57.9 %","42.9 %","0.0 %","4.97","2.19","3.85","0.3","11964"
"Cam Bedrosian","Angels","1","3","0","25","4","25.1","9.59","4.62","0.71",".242","72.9 %","54.4 %","9.1 %","3.20","3.81","4.44","0.3","13360"
"Aaron Bummer","White Sox","0","0","0","11","0","13.1","8.10","2.70","0.00",".182","81.8 %","69.7 %","0.0 %","0.68","2.46","3.18","0.3","16258"
"Yoshihisa Hirano","Diamondbacks","1","2","1","25","0","19.2","10.53","2.75","0.92",".370","58.8 %","44.4 %","11.8 %","5.49","3.34","3.67","0.3","19756"
"Michael Lorenzen","Reds","0","0","2","24","0","29.2","7.89","3.03","0.91",".337","80.4 %","46.2 %","11.1 %","3.64","3.71","4.13","0.3","14843"
"Dylan Floro","Dodgers","1","1","0","22","0","21.0","6.86","1.29","0.86",".246","69.3 %","50.0 %","11.1 %","2.57","3.57","3.96","0.3","13394"
"Michael Pineda","Twins","4","3","0","11","11","59.0","7.63","1.68","2.14",".278","69.9 %","34.1 %","17.1 %","5.34","5.19","4.76","0.3","5372"
"Matt Albers","Brewers","2","2","0","22","0","22.0","10.64","2.86","1.23",".304","71.4 %","50.0 %","15.8 %","4.50","3.64","3.51","0.3","4300"
"Ryan Yarbrough","Rays","4","1","0","7","1","27.2","6.18","1.95","0.98",".253","52.2 %","39.8 %","10.0 %","5.53","3.93","4.59","0.3","16502"
"Hunter Wood","Rays","1","1","1","9","2","13.2","8.56","1.98","0.66",".278","87.3 %","31.4 %","5.9 %","1.32","2.84","4.27","0.3","15091"
"Tyler Olson","Indians","1","0","0","21","0","15.1","6.46","4.11","0.00",".392","77.8 %","48.0 %","0.0 %","3.52","3.07","4.94","0.3","14741"
"Chad Bettis","Rockies","1","3","1","15","3","31.2","5.97","3.13","0.85",".327","67.7 %","68.9 %","16.7 %","4.83","4.27","4.13","0.3","10587"
"Archie Bradley","Diamondbacks","2","3","0","22","0","23.1","11.96","5.79","0.77",".409","73.5 %","47.8 %","11.8 %","4.63","3.65","3.93","0.3","12918"
"Shawn Kelley","Rangers","3","1","6","19","0","18.2","7.71","1.45","1.45",".265","94.6 %","29.4 %","12.0 %","2.41","3.99","4.46","0.3","7773"
"Giovanny Gallegos","Cardinals","1","0","0","20","0","23.0","14.09","2.35","1.57",".262","73.2 %","34.8 %","21.1 %","3.91","3.18","2.50","0.3","14986"
"Buck Farmer","Tigers","3","4","0","26","0","21.2","10.38","2.91","1.25",".333","72.6 %","58.9 %","23.1 %","4.57","3.74","3.08","0.3","14814"
"Hector Rondon","Astros","2","1","0","21","0","19.0","8.05","3.32","0.47",".315","81.3 %","50.9 %","5.6 %","2.37","3.29","4.42","0.3","2391"
"Hector Velazquez","Red Sox","1","3","0","18","7","34.2","8.31","4.41","1.04",".309","60.3 %","40.2 %","10.0 %","5.97","4.43","5.14","0.3","19341"
"Jordan Hicks","Cardinals","1","2","10","19","0","17.0","11.12","4.24","0.53",".316","68.0 %","59.0 %","14.3 %","4.24","3.02","3.04","0.3","19618"
"Shaun Anderson","Giants","0","1","0","3","3","15.0","5.40","2.40","0.60",".327","55.6 %","40.0 %","8.3 %","4.80","3.60","4.26","0.3","19453"
"Daniel Stumpf","Tigers","1","0","0","22","0","13.1","9.45","4.73","0.68",".375","88.0 %","31.7 %","5.6 %","2.70","3.59","5.19","0.3","13780"
"Mike Fiers","Athletics","4","3","0","12","12","63.0","6.29","2.71","1.71",".235","70.3 %","40.8 %","14.3 %","5.00","5.31","5.38","0.3","7754"
"Jose Leclerc","Rangers","1","1","5","23","2","22.1","14.51","6.04","1.21",".341","72.3 %","43.5 %","17.6 %","5.24","4.08","3.78","0.3","14524"
"Mike Dunn","Rockies","1","0","0","25","0","16.2","7.56","2.16","1.08",".222","60.6 %","42.2 %","9.5 %","4.32","3.74","4.58","0.3","9948"
"Reynaldo Lopez","White Sox","3","5","0","12","12","65.1","8.27","3.99","2.07",".332","69.7 %","27.8 %","14.3 %","6.20","5.75","5.84","0.3","16400"
"Trevor Richards","Marlins","2","5","0","11","11","61.1","8.07","4.11","1.47",".250","82.4 %","36.5 %","12.7 %","3.82","4.98","5.32","0.3","19309"
"Touki Toussaint","Braves","2","0","0","9","1","23.0","10.17","3.91","0.78",".286","71.9 %","45.6 %","9.1 %","3.91","3.83","4.53","0.3","16929"
"Nick Anderson","Marlins","2","2","0","23","0","22.2","15.88","4.76","1.59",".372","73.0 %","28.3 %","28.6 %","5.16","3.62","2.51","0.2","18337"
"Ivan Nova","White Sox","3","4","0","11","11","59.1","5.61","2.58","1.67",".370","68.1 %","46.2 %","19.3 %","6.52","5.31","4.73","0.2","1994"
"Gabriel Ynoa","Orioles","0","1","0","10","1","21.2","9.14","2.91","1.25",".358","63.8 %","52.9 %","15.0 %","5.40","3.88","3.84","0.2","12938"
"Harrison Musgrave","Rockies","0","0","0","10","0","10.0","10.80","6.30","0.00",".321","75.0 %","25.0 %","0.0 %","3.60","2.84","5.51","0.2","16532"
"Matt Magill","Twins","1","0","0","13","0","12.2","12.08","3.55","0.71",".276","95.2 %","36.7 %","8.3 %","1.42","2.66","3.45","0.2","3950"
"A.J. Cole","Indians","2","1","0","8","0","9.0","13.00","1.00","1.00",".320","46.5 %","36.0 %","8.3 %","2.00","2.03","3.13","0.2","11467"
"Erick Fedde","Nationals","1","0","0","7","2","20.2","5.23","3.48","0.44",".237","84.8 %","51.7 %","5.6 %","2.18","4.06","5.09","0.2","17425"
"Tony Sipp","Nationals","1","1","0","20","0","10.0","7.20","3.60","0.00",".333","56.3 %","36.4 %","0.0 %","6.30","3.04","5.90","0.2","8280"
"Freddy Peralta","Brewers","2","2","0","9","6","34.2","10.38","3.12","2.08",".330","63.9 %","31.4 %","17.0 %","5.97","5.04","4.63","0.2","18679"
"Evan Marshall","White Sox","0","0","0","10","0","9.2","4.66","2.79","0.00",".185","100.0 %","44.4 %","0.0 %","0.00","3.03","4.81","0.2","12297"
"Tyler Clippard","Indians","0","0","0","12","0","12.1","10.22","1.46","0.73",".179","69.8 %","35.7 %","7.7 %","2.92","2.89","3.85","0.2","5640"
"Scott Oberg","Rockies","3","0","1","22","0","25.0","7.20","4.68","0.72",".200","87.3 %","50.0 %","11.8 %","1.80","4.14","4.39","0.2","13911"
"Cal Quantrill","Padres","1","2","0","4","4","21.0","8.14","3.00","1.29",".328","70.9 %","44.4 %","13.0 %","5.14","4.33","4.56","0.2","19312"
"Colten Brewer","Red Sox","0","2","0","21","0","23.0","8.61","4.70","0.39",".370","65.7 %","52.7 %","5.3 %","5.87","3.48","4.50","0.2","12997"
"David Hale","Yankees","1","0","1","2","0","8.0","5.63","1.13","0.00",".250","57.1 %","50.0 %","0.0 %","3.38","2.26","3.93","0.2","9756"
"Jaime Barria","Angels","2","2","0","4","1","14.1","6.28","1.88","0.63",".442","56.4 %","35.8 %","5.3 %","8.16","3.49","5.11","0.2","18356"
"Trevor May","Twins","1","1","0","24","0","19.0","9.00","5.21","0.47",".275","74.2 %","42.3 %","5.0 %","3.79","3.72","5.04","0.2","6398"
"Juan Nicasio","Phillies","0","2","1","19","0","23.0","8.22","4.30","0.39",".370","65.7 %","52.8 %","5.6 %","5.09","3.57","4.50","0.2","7731"
"Tony Watson","Giants","2","0","0","21","0","19.0","6.63","1.42","0.95",".295","84.9 %","45.2 %","10.0 %","2.84","3.66","4.30","0.2","3132"
"Collin McHugh","Astros","3","4","0","10","8","44.2","9.67","3.22","1.81",".261","59.5 %","39.0 %","20.9 %","6.04","4.88","4.10","0.2","7531"
"Lucas Sims","Reds","1","0","0","1","1","7.1","11.05","1.23","1.23",".313","60.6 %","17.6 %","11.1 %","4.91","3.27","3.84","0.2","13470"
"Anthony Bass","Mariners","0","1","0","4","0","5.0","7.20","0.00","0.00",".286","75.0 %","57.1 %","0.0 %","1.80","1.54","3.06","0.2","7982"
"Luis Cessa","Yankees","0","1","0","15","0","25.2","10.52","3.86","1.40",".270","84.5 %","44.8 %","15.4 %","3.16","4.34","4.25","0.2","13345"
"Tim Mayza","Blue Jays","0","0","0","25","0","20.2","11.32","5.23","0.87",".245","73.3 %","54.2 %","18.2 %","3.48","3.62","3.38","0.2","15042"
"Adam Morgan","Phillies","2","1","0","24","0","18.1","8.84","2.45","0.98",".146","90.9 %","41.9 %","11.8 %","1.96","3.90","4.25","0.2","12580"
"Taylor Clarke","Diamondbacks","1","1","1","3","2","15.1","4.70","1.76","0.59",".277","79.6 %","48.9 %","7.1 %","2.93","3.92","4.81","0.2","17611"
"Jordan Zimmermann","Tigers","0","4","0","6","6","30.1","6.23","3.26","1.78",".267","61.4 %","40.6 %","15.0 %","5.93","5.41","5.36","0.2","4505"
"Mark Melancon","Giants","1","0","0","20","0","21.1","7.59","3.38","0.42",".322","83.3 %","62.7 %","9.1 %","2.53","3.32","3.70","0.2","4264"
"Jeff Hoffman","Rockies","1","1","0","3","3","15.0","9.00","2.40","1.80",".378","60.6 %","37.0 %","17.6 %","7.20","4.54","4.10","0.2","17432"
"Jimmie Sherfy","Diamondbacks","0","0","0","5","0","9.2","8.38","4.66","0.00",".379","93.8 %","28.6 %","0.0 %","0.93","2.83","4.80","0.2","15118"
"Cory Gearrin","Mariners","0","1","0","24","0","19.2","11.44","5.95","0.46",".340","79.1 %","41.7 %","5.9 %","3.66","3.70","4.69","0.2","7947"
"Josh Lucas","Orioles","0","0","1","5","0","10.1","9.58","1.74","0.87",".286","62.5 %","58.6 %","11.1 %","3.48","2.85","3.25","0.2","11686"
"Ryan Weber","Red Sox","1","1","0","5","2","18.0","6.50","1.50","1.00",".293","72.1 %","50.8 %","11.8 %","4.50","4.14","4.50","0.2","10160"
"T.J. McFarland","Diamondbacks","0","0","0","7","0","11.0","8.18","2.45","0.82",".355","73.5 %","54.8 %","16.7 %","4.09","3.32","3.18","0.2","3237"
"Jon Duplantier","Diamondbacks","1","0","1","5","0","12.0","9.00","3.75","0.00",".276","82.4 %","48.3 %","0.0 %","2.25","3.39","4.82","0.2","19546"
"Pedro Avila","Padres","0","0","0","1","1","5.1","8.44","3.38","0.00",".267","85.7 %","40.0 %","0.0 %","1.69","2.95","5.10","0.2","18864"
"Aaron Wilkerson","Brewers","0","0","0","3","0","7.1","9.82","3.68","0.00",".520","62.5 %","44.0 %","0.0 %","7.36","2.18","3.74","0.2","16904"
"Yency Almonte","Rockies","0","0","0","8","0","11.0","6.55","4.91","0.00",".212","69.2 %","28.1 %","0.0 %","2.45","3.32","6.10","0.2","15068"
"Austin Adams","- - -","0","0","0","7","0","8.2","16.62","4.15","1.04",".231","79.0 %","57.1 %","25.0 %","3.12","2.68","2.06","0.2","13801"
"Jacob Webb","Braves","3","0","1","19","0","16.2","9.18","3.24","1.08",".231","98.6 %","40.0 %","11.1 %","1.62","3.74","4.24","0.2","19274"
"Jeffrey Springs","Rangers","2","1","0","13","0","18.0","7.50","6.00","0.50",".379","65.5 %","22.0 %","3.8 %","6.50","4.19","6.23","0.2","17677"
"Blake Parker","Twins","0","1","8","19","0","18.1","7.36","3.44","0.98",".217","93.0 %","55.3 %","13.3 %","1.96","4.23","4.37","0.2","5224"
"Zach Plesac","Indians","0","0","0","1","1","5.1","3.38","1.69","0.00",".235","80.0 %","41.2 %","0.0 %","1.69","2.95","5.45","0.2","19979"
"Joe Jimenez","Tigers","2","2","0","25","0","23.1","13.50","3.86","1.93",".304","88.0 %","29.4 %","20.8 %","3.86","4.59","3.77","0.1","15761"
"Oliver Perez","Indians","0","0","0","24","0","15.1","12.33","1.76","1.76",".316","82.3 %","39.0 %","17.6 %","4.11","3.92","3.49","0.1","1514"
"Jacob Waguespack","Blue Jays","0","0","0","1","0","4.0","15.75","2.25","0.00",".375","40.0 %","37.5 %","0.0 %","4.50","1.14","2.57","0.1","18318"
"Javy Guerra","- - -","0","0","1","13","0","16.1","9.37","2.76","1.10",".295","71.4 %","28.9 %","10.5 %","4.41","3.75","4.38","0.1","7407"
"Felix Hernandez","Mariners","1","4","0","8","8","38.2","7.91","1.86","2.09",".345","62.8 %","50.0 %","20.9 %","6.52","5.34","4.43","0.1","4772"
"Evan Phillips","Orioles","0","1","0","12","0","13.0","11.77","7.62","0.00",".400","64.3 %","45.5 %","0.0 %","6.92","3.75","4.78","0.1","17734"
"Cody Reed","Reds","0","0","0","3","0","6.1","9.95","1.42","0.00",".353","85.7 %","76.5 %","0.0 %","1.42","1.40","2.30","0.1","15232"
"Matt Bowman","Reds","0","0","0","4","0","3.2","12.27","0.00","0.00",".143","100.0 %","71.4 %","0.0 %","0.00","0.41","0.93","0.1","13528"
"Chance Adams","Yankees","1","0","1","2","0","7.0","9.00","2.57","0.00",".316","66.7 %","47.4 %","0.0 %","3.86","2.42","4.33","0.1","18135"
"Juan Minaya","White Sox","0","0","0","8","0","12.1","10.22","3.65","0.73",".323","89.7 %","34.4 %","6.7 %","1.46","3.38","4.65","0.1","10341"
"Jonathan Loaisiga","Yankees","1","1","0","4","3","14.0","8.36","5.14","1.29",".282","76.9 %","39.0 %","11.8 %","4.50","4.85","5.31","0.1","19753"
"Thomas Pannone","Blue Jays","1","3","0","17","2","27.0","10.67","4.33","1.33",".342","59.9 %","36.0 %","12.5 %","7.00","4.36","4.70","0.1","17281"
"Yusmeiro Petit","Athletics","0","1","0","27","0","30.2","5.58","1.17","1.47",".207","90.0 %","23.6 %","10.4 %","2.64","4.41","5.28","0.1","4020"
"Cole Irvin","Phillies","2","1","0","3","3","17.2","6.62","2.55","1.53",".259","58.5 %","32.1 %","13.6 %","5.60","4.89","5.06","0.1","19244"
"Tyler Duffey","Twins","1","0","0","10","0","13.2","14.49","1.98","1.98",".333","70.3 %","42.4 %","23.1 %","2.63","3.43","2.39","0.1","13758"
"Framber Valdez","Astros","1","2","0","13","0","22.0","7.36","4.50","0.41",".297","71.9 %","53.1 %","6.7 %","3.68","3.73","4.44","0.1","17295"
"Nick Kingham","Pirates","1","1","1","12","3","29.1","8.59","4.60","1.23",".409","58.4 %","36.6 %","10.8 %","8.28","4.53","5.17","0.1","11694"
"Edwin Diaz","Mets","1","3","13","25","0","22.1","14.10","2.82","2.01",".347","95.7 %","35.2 %","25.0 %","3.22","3.99","2.79","0.1","14710"
"Richard Lovelady","Royals","0","0","0","16","0","12.2","7.82","2.84","0.71",".351","73.9 %","62.2 %","14.3 %","4.26","3.61","3.64","0.1","19337"
"Pedro Strop","Cubs","1","2","4","12","0","10.2","9.28","4.22","0.84",".250","56.6 %","60.0 %","12.5 %","5.06","3.70","3.91","0.1","4070"
"Jake McGee","Rockies","0","0","0","5","0","4.1","6.23","0.00","0.00",".400","100.0 %","33.3 %","0.0 %","0.00","1.75","3.95","0.1","7550"
"Nathan Karns","Orioles","0","1","0","4","2","5.1","8.44","5.06","0.00",".438","90.9 %","75.0 %","0.0 %","0.00","3.51","4.23","0.1","12638"
"Jason Vargas","Mets","1","2","0","8","7","29.1","7.06","4.60","1.53",".286","75.0 %","39.1 %","12.5 %","5.22","5.42","5.81","0.1","8044"
"Joe Biagini","Blue Jays","2","1","1","26","0","26.1","8.54","2.39","1.71",".224","90.0 %","48.6 %","23.8 %","3.08","4.50","3.56","0.1","13194"
"Seranthony Dominguez","Phillies","3","0","0","24","0","22.1","10.88","4.43","1.21",".310","69.4 %","55.0 %","17.6 %","4.43","4.08","3.78","0.1","19249"
"Mike Morin","Twins","0","0","1","10","0","9.1","6.75","0.00","0.96",".192","100.0 %","55.6 %","16.7 %","0.96","3.35","3.19","0.1","13442"
"Junior Guerra","Brewers","2","0","2","24","0","29.0","7.76","3.72","1.24",".164","84.8 %","35.1 %","13.3 %","2.79","4.45","4.63","0.1","5702"
"Adam Cimber","Indians","2","2","0","24","0","20.1","7.08","2.21","1.33",".237","73.0 %","59.0 %","23.1 %","3.54","4.22","3.52","0.1","15288"
"Yoan Lopez","Diamondbacks","0","1","0","26","0","22.0","6.14","3.27","0.82",".155","98.8 %","53.3 %","16.7 %","0.82","4.05","3.91","0.1","17181"
"Dillon Maples","Cubs","1","0","0","5","0","4.2","19.29","11.57","0.00",".250","100.0 %","100.0 %","0.0 %","0.00","2.71","2.71","0.1","14672"
"Ryan Burr","White Sox","1","1","0","16","1","19.2","9.15","3.66","1.37",".255","57.7 %","47.4 %","15.0 %","4.58","4.31","4.26","0.1","17536"
"Aaron Loup","Padres","0","0","0","4","0","3.1","13.50","2.70","0.00",".286","100.0 %","57.1 %","0.0 %","0.00","1.94","2.51","0.1","10343"
"Jeff Samardzija","Giants","2","4","0","11","11","56.1","7.19","3.04","1.60",".253","70.2 %","30.8 %","12.7 %","3.83","4.91","5.28","0.1","3254"
"Austin Brice","Marlins","0","0","0","12","0","19.2","8.24","4.12","0.46",".283","81.1 %","47.5 %","5.9 %","2.29","3.95","4.94","0.1","17237"
"Cody Anderson","Indians","0","1","0","5","2","8.2","9.35","8.31","1.04",".407","61.2 %","25.9 %","8.3 %","9.35","5.68","6.82","0.1","12799"
"Heath Hembree","Red Sox","1","0","1","26","0","25.0","10.44","4.32","1.44",".258","83.3 %","24.2 %","10.3 %","2.88","4.34","5.23","0.1","11632"
"Brandon Brennan","Mariners","2","2","0","23","0","28.1","9.53","4.13","1.27",".224","79.6 %","54.9 %","23.5 %","3.18","4.23","3.54","0.1","13527"
"Jace Fry","White Sox","1","1","0","23","0","20.0","11.70","4.95","1.35",".340","68.4 %","53.8 %","25.0 %","5.40","4.29","3.48","0.1","16159"
"Derek Law","Blue Jays","0","1","0","10","0","13.0","10.38","3.46","1.38",".333","61.7 %","61.1 %","22.2 %","5.54","3.98","3.30","0.1","13133"
"Connor Sadzeck","Mariners","0","1","1","18","0","22.1","10.48","5.24","1.21",".196","88.2 %","48.1 %","15.0 %","2.42","4.57","4.53","0.1","13483"
"Brad Brach","Cubs","3","1","0","23","0","22.2","9.93","8.34","0.40",".339","80.8 %","42.1 %","5.6 %","3.57","4.28","5.23","0.1","6627"
"Glenn Sparkman","Royals","1","1","0","10","2","25.2","5.96","2.45","1.05",".310","77.6 %","37.2 %","11.5 %","4.21","4.50","4.91","0.1","15200"
"Antonio Senzatela","Rockies","3","4","0","9","9","48.0","5.44","3.75","1.69",".321","71.6 %","50.3 %","22.0 %","5.81","5.74","4.93","0.1","15488"
"Zac Rosscup","- - -","2","0","0","21","0","15.0","13.20","9.60","0.60",".395","65.4 %","53.8 %","12.5 %","4.80","4.27","4.42","0.1","9419"
"Luke Gregerson","Cardinals","0","0","0","6","0","5.2","3.18","1.59","0.00",".458","58.3 %","50.0 %","0.0 %","7.94","2.96","4.64","0.1","4090"
"Ryan Buchter","Athletics","0","1","0","28","0","17.2","12.23","6.62","1.02",".341","80.9 %","16.7 %","10.0 %","3.57","4.27","4.96","0.1","9456"
"Darwinzon Hernandez","Red Sox","0","0","0","1","0","2.1","15.43","3.86","0.00",".571","100.0 %","42.9 %","0.0 %","0.00","0.99","3.45","0.1","19848"
"Thyago Vieira","White Sox","1","0","0","3","0","4.1","12.46","6.23","0.00",".333","71.4 %","16.7 %","0.0 %","2.08","2.44","5.09","0.1","14510"
"Grant Dayton","Braves","0","0","0","5","0","4.0","2.25","2.25","0.00",".286","100.0 %","21.4 %","0.0 %","0.00","3.39","7.20","0.1","11203"
"Trey Wingenter","Padres","0","0","1","19","0","17.2","12.74","5.60","1.02",".161","87.2 %","39.4 %","14.3 %","2.55","3.99","4.03","0.1","17793"
"Chris Devenski","Astros","0","0","0","19","0","20.2","9.58","2.61","1.74",".333","77.9 %","30.6 %","14.3 %","4.79","4.39","4.46","0.1","12763"
"Andrew Chafin","Diamondbacks","0","1","0","27","0","17.1","9.87","4.67","1.04",".357","82.6 %","52.4 %","22.2 %","3.63","4.18","3.67","0.1","12988"
"Nick Ramirez","Tigers","1","0","0","5","0","16.0","9.56","2.25","1.69",".195","84.8 %","44.2 %","16.7 %","2.81","4.39","4.10","0.1","12575"
"Jeremy Jeffress","Brewers","0","0","0","15","0","15.2","9.19","4.02","1.15",".270","87.2 %","43.6 %","15.4 %","2.87","4.29","4.21","0.1","9490"
"Taylor Williams","Brewers","1","1","0","6","0","10.1","7.84","2.61","0.87",".375","64.1 %","67.7 %","33.3 %","6.10","3.81","3.11","0.1","14899"
"Luke Bard","Angels","1","2","0","16","2","21.1","8.86","2.53","1.69",".293","76.9 %","27.4 %","12.1 %","4.22","4.73","5.25","0.1","14288"
"Brandon Kintzler","Cubs","1","0","0","24","0","25.1","7.82","2.13","1.42",".194","87.0 %","49.2 %","19.0 %","2.84","4.40","3.93","0.1","9939"
"Nestor Cortes","Yankees","0","0","0","4","0","11.0","10.64","4.09","1.64",".367","79.0 %","37.5 %","20.0 %","4.91","4.50","3.87","0.1","17874"
"Adam Conley","Marlins","1","4","2","24","0","19.1","7.91","3.72","0.93",".339","61.6 %","43.1 %","13.3 %","6.52","4.27","4.41","0.1","14457"
"J. D. Hammer","Phillies","0","0","0","2","0","2.0","13.50","0.00","0.00",".000","100.0 %","0.0 %","0.0 %","0.00","0.14","2.05","0.0","19548"
"Wei-Chung Wang","Athletics","0","0","0","2","0","3.0","3.00","0.00","0.00",".200","100.0 %","50.0 %","0.0 %","0.00","2.47","5.65","0.0","14382"
"David McKay","Mariners","0","0","0","4","0","4.0","6.75","2.25","0.00",".182","100.0 %","27.3 %","0.0 %","0.00","2.39","3.82","0.0","19814"
"Hector Santiago","Mets","1","0","0","2","0","3.0","9.00","6.00","0.00",".143","100.0 %","33.3 %","0.0 %","0.00","3.14","5.68","0.0","4026"
"Chaz Roe","Rays","0","2","0","24","0","16.1","11.02","8.27","0.55",".325","90.6 %","42.5 %","7.1 %","2.20","4.24","5.08","0.0","9866"
"Josh A. Smith","Red Sox","0","1","0","4","1","7.1","7.36","2.45","1.23",".292","69.8 %","41.7 %","16.7 %","4.91","4.09","3.88","0.0","10946"
"Josh D. Smith","Indians","0","0","0","2","0","2.2","16.88","3.38","0.00",".571","83.3 %","57.1 %","0.0 %","3.38","1.64","3.78","0.0","13629"
"Zack Littell","Twins","0","0","0","1","0","2.0","9.00","0.00","0.00",".000","100.0 %","25.0 %","0.0 %","0.00","1.14","3.05","0.0","15823"
"Luke Maile","Blue Jays","0","0","0","2","0","2.0","13.50","0.00","0.00",".250","100.0 %","50.0 %","0.0 %","0.00","1.64","2.59","0.0","13355"
"Luis Perdomo","Padres","1","0","0","7","0","11.2","10.03","2.31","1.54",".281","62.5 %","41.2 %","15.4 %","5.40","3.91","3.81","0.0","14682"
"Mitch Keller","Pirates","0","1","0","1","1","4.0","15.75","4.50","2.25",".545","39.5 %","16.7 %","20.0 %","13.50","4.39","3.52","0.0","17594"
"Josh Taylor","Red Sox","0","0","0","1","0","1.0","9.00","0.00","0.00",".500","50.0 %","25.0 %","0.0 %","9.00","1.14","6.86","0.0","17359"
"Edgar Garcia","Phillies","1","0","0","11","0","11.1","8.74","5.56","0.79",".323","84.3 %","29.0 %","6.3 %","3.18","4.20","5.74","0.0","19276"
"Stefan Crichton","Diamondbacks","0","0","0","2","0","0.2","13.50","0.00","0.00",".000","100.0 %","0.0 %","0.0 %","0.00","0.14","0.14","0.0","16058"
"Aaron Altherr","Phillies","0","0","0","1","0","1.0","18.00","0.00","0.00",".667","50.0 %","33.3 %","0.0 %","9.00","-0.86","1.05","0.0","11270"
"Gerardo Reyes","Padres","2","0","0","7","0","5.0","12.60","9.00","0.00",".500","28.6 %","50.0 %","0.0 %","18.00","3.94","5.85","0.0","16306"
"Anthony DeSclafani","Reds","2","3","0","11","11","54.1","9.11","2.98","2.32",".281","79.4 %","35.9 %","20.3 %","4.97","5.57","4.64","0.0","13050"
"Daniel Ponce de Leon","Cardinals","0","0","0","1","1","5.0","12.60","5.40","1.80",".111","100.0 %","40.0 %","20.0 %","1.80","4.74","4.05","0.0","16110"
"Tim Collins","Cubs","0","0","0","5","0","4.2","3.86","3.86","0.00",".368","77.8 %","27.8 %","0.0 %","3.86","3.57","6.43","0.0","3164"
"Jacob Barnes","Brewers","1","1","0","16","1","15.2","11.49","5.17","1.15",".348","53.7 %","45.8 %","14.3 %","6.89","3.97","4.01","0.0","12323"
"Tayron Guerrero","Marlins","1","1","0","23","0","21.2","11.22","6.23","0.83",".244","80.9 %","31.9 %","9.5 %","3.32","4.20","4.85","0.0","11691"
"Rowan Wick","Cubs","0","0","0","1","0","1.0","9.00","0.00","0.00",".500","50.0 %","50.0 %","0.0 %","9.00","1.14","4.95","0.0","14646"
"Joe Harvey","Yankees","1","0","0","9","0","10.0","9.90","6.30","0.90",".357","73.9 %","48.3 %","10.0 %","4.50","4.64","5.25","0.0","16459"
"Travis Lakins","Red Sox","0","1","0","4","0","7.0","5.14","5.14","0.00",".348","61.5 %","50.0 %","0.0 %","6.43","4.14","5.77","0.0","18600"
"Bryan Shaw","Rockies","2","1","0","29","0","33.2","5.88","3.74","1.07",".221","81.4 %","51.0 %","12.9 %","2.94","4.71","4.92","0.0","8110"
"Carlos Martinez","Cardinals","0","0","0","5","0","4.0","6.75","4.50","0.00",".273","83.3 %","45.5 %","0.0 %","2.25","3.89","5.80","0.0","11682"
"Tom Murphy","Mariners","0","0","0","2","0","2.0","9.00","4.50","0.00",".200","0.0 %","0.0 %","0.0 %","9.00","2.64","6.45","0.0","13499"
"Matt Ramsey","Angels","0","0","0","1","0","1.0","9.00","0.00","0.00",".000","100.0 %","0.0 %","0.0 %","0.00","1.14","4.95","0.0","14460"
"Jaime Schultz","Dodgers","0","0","0","3","0","3.0","9.00","6.00","0.00",".167","100.0 %","33.3 %","0.0 %","0.00","3.14","5.68","0.0","15066"
"Jeff Mathis","Rangers","0","0","0","1","0","1.0","9.00","0.00","0.00",".333","100.0 %","33.3 %","0.0 %","0.00","1.14","3.05","0.0","3448"
"Mike Leake","Mariners","3","6","0","11","11","65.2","6.72","1.92","2.19",".299","72.2 %","46.1 %","20.5 %","4.93","5.54","4.64","0.0","10130"
"Edubray Ramos","Phillies","0","0","0","12","0","9.2","6.52","3.72","0.93",".367","70.5 %","33.3 %","7.1 %","4.66","4.59","6.00","0.0","16086"
"D.J. Johnson","Rockies","0","1","0","14","0","11.2","7.71","8.49","0.00",".385","57.1 %","41.0 %","0.0 %","9.26","4.77","6.89","0.0","12578"
"Donnie Hart","Brewers","0","0","0","4","0","6.2","4.05","5.40","0.00",".211","100.0 %","68.4 %","0.0 %","0.00","4.04","5.18","0.0","15306"
"Kevin Plawecki","Indians","0","0","0","2","0","2.0","0.00","0.00","0.00",".000","100.0 %","50.0 %","0.0 %","0.00","3.14","5.05","0.0","13807"
"Clay Buchholz","Blue Jays","0","2","0","5","5","24.2","4.38","2.19","1.82",".318","64.5 %","40.9 %","16.1 %","6.57","5.53","5.29","0.0","3543"
"Jedd Gyorko","Cardinals","0","0","0","1","0","0.1","27.00","0.00","0.00",".000","100.0 %","0.0 %","0.0 %","0.00","-2.86","-2.86","0.0","10816"
"Jake Faria","Rays","0","0","0","1","0","2.0","4.50","4.50","0.00",".200","100.0 %","20.0 %","0.0 %","0.00","3.64","6.50","0.0","13699"
"Victor Arano","Phillies","1","0","0","3","0","4.2","13.50","3.86","1.93",".167","76.9 %","28.6 %","33.3 %","3.86","4.21","2.65","0.0","15915"
"Eduardo Jimenez","Tigers","0","0","0","2","0","2.1","3.86","7.71","0.00",".400","50.0 %","50.0 %","0.0 %","11.57","4.85","5.67","0.0","19642"
"Brian Flynn","Royals","0","0","0","1","0","0.1","0.00","0.00","0.00","1.000","100.0 %","100.0 %","0.0 %","0.00","3.14","3.14","0.0","12027"
"Sandy Baez","Tigers","0","0","0","1","0","1.0","0.00","0.00","0.00",".400","50.0 %","40.0 %","0.0 %","9.00","3.14","8.86","0.0","17754"
"Jose Rondon","White Sox","0","0","0","1","0","1.0","0.00","0.00","0.00",".400","100.0 %","40.0 %","0.0 %","0.00","3.14","6.95","0.0","14140"
"Jesus Sucre","Orioles","0","0","0","1","0","1.0","0.00","0.00","0.00",".000","100.0 %","66.7 %","0.0 %","0.00","3.14","5.05","0.0","5942"
"Genesis Cabrera","Cardinals","0","1","0","1","1","3.2","12.27","4.91","2.45",".400","35.7 %","10.0 %","16.7 %","7.36","5.59","5.17","0.0","17490"
"Caleb Joseph","Diamondbacks","0","0","0","1","0","1.0","0.00","0.00","0.00",".000","100.0 %","66.7 %","0.0 %","0.00","3.14","5.05","0.0","7087"
"Russell Martin","Dodgers","0","0","0","1","0","1.0","0.00","0.00","0.00",".000","100.0 %","66.7 %","0.0 %","0.00","3.14","5.05","0.0","4616"
"Matthew Festa","Mariners","0","0","0","7","0","9.0","6.00","5.00","1.00",".310","66.2 %","41.4 %","9.1 %","6.00","4.91","5.80","0.0","19330"
"Craig Stammen","Padres","4","1","2","27","0","29.0","6.83","0.62","1.55",".253","82.6 %","51.1 %","16.7 %","2.79","4.17","3.90","0.0","7274"
"Jesse Biddle","- - -","0","1","0","18","0","14.0","9.00","7.07","0.64",".400","62.1 %","42.9 %","6.3 %","4.50","4.42","5.68","0.0","11437"
"James Norwood","Cubs","0","0","0","1","0","1.0","9.00","9.00","0.00",".000","100.0 %","0.0 %","0.0 %","0.00","4.14","7.95","0.0","16440"
"Jared Hughes","Reds","2","2","0","24","0","23.2","6.08","2.66","1.14",".265","68.6 %","56.5 %","18.8 %","4.18","4.45","4.09","0.0","9325"
"Tyler White","Astros","0","0","0","1","0","1.0","9.00","9.00","0.00",".000","100.0 %","0.0 %","0.0 %","0.00","4.14","7.95","0.0","15564"
"Chris Ellis","Royals","0","0","0","1","0","1.0","0.00","9.00","0.00",".250","100.0 %","25.0 %","0.0 %","0.00","6.14","8.05","0.0","16125"
"Andrew Vasquez","Twins","0","0","0","1","0","0.0","0.00","18.00","0.00",".000","0.0 %","0.0 %","0.0 %","27.00","12.14","12.14","0.0","19482"
"Wei-Chieh Huang","Rangers","0","0","0","4","0","5.2","3.18","7.94","0.00",".333","64.3 %","41.7 %","0.0 %","3.18","5.61","8.64","0.0","17508"
"CC Sabathia","Yankees","3","1","0","8","8","41.1","7.40","3.70","2.40",".212","90.4 %","36.9 %","19.0 %","3.48","6.26","5.48","0.0","404"
"Wilmer Font","- - -","1","1","0","15","3","27.2","8.46","3.90","1.63",".325","68.6 %","40.7 %","13.9 %","5.86","4.91","5.04","0.0","5257"
"Jeanmar Gomez","Rangers","1","0","0","16","0","15.1","5.87","3.52","1.17",".389","55.2 %","53.6 %","18.2 %","8.22","4.90","4.57","0.0","9033"
"Ryan Helsley","Cardinals","0","0","0","4","0","8.0","11.25","2.25","2.25",".125","93.8 %","22.2 %","22.2 %","3.38","4.64","3.53","0.0","18138"
"Richard Bleier","Orioles","0","0","1","10","0","11.2","5.40","1.54","1.54",".333","43.2 %","41.9 %","15.4 %","8.49","4.94","4.84","0.0","7803"
"Casey Sadler","Rays","0","0","0","7","0","15.1","5.28","2.35","1.17",".200","90.9 %","54.3 %","16.7 %","1.76","4.64","4.44","0.0","11209"
"Elieser Hernandez","Marlins","0","0","0","1","0","2.0","0.00","4.50","0.00",".400","60.0 %","50.0 %","0.0 %","9.00","4.64","7.50","0.0","16933"
"Jhoulys Chacin","Brewers","3","6","0","11","11","55.1","6.83","4.07","1.79",".252","75.5 %","34.5 %","15.9 %","4.88","5.72","5.52","0.0","2608"
"Jarlin Garcia","Marlins","0","0","0","6","0","8.0","4.50","5.63","0.00",".208","54.6 %","60.9 %","0.0 %","5.63","4.39","5.58","0.0","18282"
"JB Shuck","Pirates","0","0","0","1","0","1.0","0.00","9.00","0.00",".250","100.0 %","50.0 %","0.0 %","0.00","6.14","9.95","0.0","6677"
"Adrian Houser","Brewers","0","1","0","9","2","17.1","8.31","3.12","1.56",".326","86.5 %","64.6 %","37.5 %","3.63","4.75","3.38","0.0","12718"
"Jared Walsh","Angels","0","0","0","1","0","1.0","0.00","9.00","0.00",".400","66.7 %","60.0 %","0.0 %","9.00","6.14","8.05","0.0","18607"
"Montana DuRapau","Pirates","0","1","0","8","2","8.2","11.42","3.12","2.08",".400","45.5 %","48.1 %","40.0 %","7.27","4.98","3.08","0.0","16768"
"John Curtiss","Angels","0","0","0","1","0","2.1","3.86","11.57","0.00",".250","80.0 %","50.0 %","0.0 %","3.86","6.14","8.59","0.0","16128"
"Paul Sewald","Mets","0","0","0","4","0","7.0","5.14","2.57","1.29",".200","75.8 %","9.5 %","6.7 %","3.86","5.14","7.37","0.0","13892"
"Randy Rosario","Cubs","0","0","0","8","0","7.0","11.57","6.43","1.29",".368","60.3 %","50.0 %","50.0 %","6.43","4.57","3.25","0.0","14508"
"Pablo Sandoval","Giants","0","0","0","1","0","1.0","0.00","0.00","0.00",".000","100.0 %","50.0 %","0.0 %","0.00","6.14","8.05","0.0","5409"
"Chris Archer","Pirates","1","5","0","8","8","40.2","8.85","5.31","1.77",".279","68.2 %","35.4 %","15.4 %","5.75","5.57","5.45","0.0","6345"
"Dakota Hudson","Cardinals","3","3","1","11","10","53.1","6.41","4.05","1.52",".316","72.9 %","61.8 %","23.7 %","4.22","5.31","4.48","0.0","19206"
"Paul Fry","Orioles","0","2","1","22","0","21.2","5.40","3.74","0.83",".213","74.4 %","63.5 %","15.4 %","3.74","4.80","4.74","0.0","15832"
"Andrew Heaney","Angels","0","0","0","1","1","5.0","14.40","1.80","3.60",".000","100.0 %","33.3 %","33.3 %","3.60","5.74","2.83","0.0","15423"
"Hernan Perez","Brewers","0","0","0","1","0","1.0","9.00","18.00","0.00",".000","100.0 %","100.0 %","0.0 %","0.00","7.14","7.14","0.0","5751"
"Jake Petricka","Brewers","0","0","0","6","0","8.0","3.38","6.75","0.00",".222","75.0 %","51.9 %","0.0 %","3.38","4.64","6.07","0.0","10534"
"Charlie Culberson","Braves","0","0","0","1","0","1.0","9.00","18.00","0.00",".333","100.0 %","0.0 %","0.0 %","0.00","7.14","10.95","0.0","3298"
"Rookie Davis","Pirates","0","0","0","2","0","4.2","9.64","3.86","1.93",".273","87.0 %","45.5 %","50.0 %","3.86","5.07","3.10","0.0","14962"
"Zack Godley","Diamondbacks","1","4","2","12","8","44.0","7.57","4.70","1.43",".328","60.1 %","43.3 %","14.3 %","7.36","5.30","5.35","0.0","14862"
"Josh Tomlin","Braves","1","0","0","18","0","27.0","5.67","0.67","1.67",".250","66.7 %","37.5 %","14.3 %","4.33","4.51","4.57","0.0","9388"
"Dylan Moore","Mariners","0","0","0","1","0","1.0","0.00","18.00","0.00",".625","42.9 %","37.5 %","0.0 %","36.00","9.14","12.95","0.0","18042"
"Tanner Rainey","Nationals","0","1","0","5","0","5.0","14.40","5.40","1.80",".200","71.4 %","50.0 %","33.3 %","3.60","4.94","3.48","0.0","17610"
"Sergio Romo","Marlins","1","0","11","20","0","20.0","9.45","4.95","1.35",".259","67.2 %","36.8 %","10.7 %","4.50","4.64","5.36","0.0","9817"
"James Bourque","Nationals","0","0","0","1","0","0.2","0.00","27.00","0.00",".750","20.0 %","75.0 %","0.0 %","54.00","12.14","15.00","0.0","16668"
"Burch Smith","Brewers","0","1","0","3","0","5.2","7.94","4.76","1.59",".133","100.0 %","43.8 %","14.3 %","1.59","5.25","5.32","0.0","12784"
"Bobby Poyner","Red Sox","0","0","0","2","0","1.0","0.00","18.00","0.00",".600","60.0 %","0.0 %","0.0 %","18.00","9.14","12.95","0.0","17987"
"Jesse Chavez","Rangers","1","1","0","25","3","30.2","8.51","3.23","1.76",".310","82.5 %","45.1 %","21.4 %","4.11","5.06","4.26","0.0","5448"
"Williams Jerez","Giants","0","0","0","1","0","1.0","0.00","18.00","0.00",".000","100.0 %","33.3 %","0.0 %","0.00","9.14","12.95","0.0","14338"
"Travis Bergen","Giants","2","0","0","18","0","17.0","7.94","3.71","1.06",".261","72.9 %","39.6 %","11.1 %","4.24","4.31","4.81","0.0","18581"
"Brady Rodgers","Astros","0","0","0","1","0","2.0","9.00","0.00","4.50",".000","100.0 %","40.0 %","33.3 %","4.50","7.64","4.00","0.0","13393"
"Clayton Richard","Blue Jays","0","1","0","2","2","8.0","5.63","6.75","1.13",".190","84.9 %","54.5 %","14.3 %","3.38","6.14","6.18","0.0","3551"
"Carlos Estevez","Rockies","1","0","0","27","0","25.2","11.22","3.51","2.10",".313","80.4 %","38.6 %","22.2 %","4.21","4.97","3.94","0.0","14542"
"Dovydas Neverauskas","Pirates","0","0","0","5","0","3.1","8.10","10.80","0.00",".467","41.7 %","40.0 %","0.0 %","18.90","5.84","8.70","0.0","11604"
"Kendrys Morales","Athletics","0","0","0","1","0","1.0","0.00","18.00","0.00",".250","75.0 %","25.0 %","0.0 %","9.00","12.14","15.95","0.0","8610"
"Xavier Cedeno","Cubs","0","0","0","5","0","2.0","4.50","13.50","0.00",".444","100.0 %","44.4 %","0.0 %","0.00","6.64","9.50","0.0","36"
"Mike Montgomery","Cubs","1","0","0","10","0","13.2","6.59","3.29","1.32",".349","72.9 %","45.5 %","25.0 %","4.61","4.67","3.89","0.0","4869"
"Michael Feliz","Pirates","2","1","0","12","1","12.0","12.00","6.75","1.50",".323","49.5 %","12.9 %","12.5 %","8.25","4.89","5.27","0.0","11903"
"Austin Davis","Phillies","0","0","0","4","0","7.0","10.29","6.43","1.29",".368","87.3 %","20.0 %","10.0 %","3.86","5.28","6.15","0.0","17117"
"Chris Davis","Orioles","0","0","0","1","0","1.0","9.00","0.00","9.00",".333","100.0 %","25.0 %","50.0 %","9.00","14.14","4.95","0.0","9272"
"Kelvin Herrera","White Sox","2","3","0","23","0","21.2","7.89","4.15","1.66",".333","60.5 %","42.0 %","15.4 %","7.48","5.17","5.06","0.0","6033"
"Oliver Drake","Rays","0","0","0","2","0","2.1","15.43","3.86","3.86",".333","100.0 %","25.0 %","50.0 %","3.86","6.57","2.63","0.0","8823"
"Tim Peterson","Mets","0","0","0","5","0","6.1","4.26","8.53","0.00",".263","83.3 %","26.3 %","0.0 %","2.84","5.51","8.22","-0.1","13946"
"Luis Avilan","Mets","1","0","0","11","0","10.2","9.28","4.22","1.69",".429","59.4 %","32.4 %","16.7 %","9.28","5.20","4.91","-0.1","2882"
"Tyson Ross","Tigers","1","5","0","7","7","35.1","6.37","4.58","1.78",".306","63.8 %","51.3 %","22.6 %","6.11","5.91","5.01","-0.1","7872"
"Tyler Kinley","Marlins","1","0","0","23","0","23.0","10.57","5.87","1.17",".403","77.9 %","42.2 %","14.3 %","5.09","4.57","4.62","-0.1","18297"
"Phil Maton","Padres","0","0","0","15","0","17.0","6.88","2.12","1.59",".283","63.8 %","50.9 %","18.8 %","5.29","4.78","4.29","-0.1","18064"
"Reymin Guduan","Astros","0","0","0","3","0","2.2","10.13","6.75","3.38",".286","83.3 %","37.5 %","33.3 %","6.75","8.01","5.28","-0.1","13058"
"Dillon Peters","Angels","0","0","0","3","0","3.0","12.00","9.00","3.00",".286","100.0 %","25.0 %","16.7 %","3.00","7.80","7.29","-0.1","18790"
"Eduardo Nunez","Red Sox","0","0","0","1","0","1.0","0.00","0.00","9.00",".000","100.0 %","25.0 %","33.3 %","9.00","16.14","8.86","-0.1","6848"
"Ryan O'Rourke","Mets","0","0","0","2","0","1.1","6.75","20.25","0.00",".000","100.0 %","0.0 %","0.0 %","0.00","8.39","11.25","-0.1","10976"
"Yu Darvish","Cubs","2","3","0","11","11","55.0","10.96","6.22","1.80",".303","75.7 %","48.9 %","27.5 %","5.40","5.54","4.33","-0.1","13074"
"Brandon Dixon","Tigers","0","0","0","1","0","1.0","9.00","0.00","9.00",".000","0.0 %","33.3 %","100.0 %","18.00","17.14","6.05","-0.1","15214"
"Matt Andriese","Diamondbacks","3","3","1","20","0","28.2","10.36","4.08","1.57",".271","78.1 %","53.3 %","22.7 %","4.40","4.67","3.87","-0.1","12022"
"Brett Martin","Rangers","0","0","0","14","0","15.0","5.40","2.40","1.80",".286","53.6 %","53.8 %","18.8 %","7.20","5.34","4.77","-0.1","17369"
"Matt Wisler","Padres","2","1","0","13","0","20.2","10.02","2.18","2.18",".288","88.9 %","41.8 %","25.0 %","3.92","4.78","3.48","-0.1","12804"
"Fernando Romero","Twins","0","0","0","7","0","8.0","9.00","3.38","2.25",".364","80.4 %","58.3 %","33.3 %","5.63","5.89","4.07","-0.1","15885"
"Branden Kline","Orioles","1","2","0","12","0","15.2","9.19","2.87","2.30",".200","61.4 %","23.3 %","22.2 %","5.17","5.37","4.24","-0.1","14101"
"Ben Lively","Royals","0","0","0","1","0","1.0","9.00","0.00","9.00",".500","0.0 %","20.0 %","50.0 %","27.00","14.14","4.95","-0.1","14932"
"Tyler Thornburg","Red Sox","0","0","0","16","0","18.2","10.61","4.82","1.93",".347","60.6 %","30.2 %","15.4 %","7.71","5.33","5.21","-0.1","10688"
"Ryan Feierabend","Blue Jays","0","1","0","2","1","5.2","6.35","1.59","3.18",".409","54.4 %","45.8 %","22.2 %","11.12","6.84","5.29","-0.1","6336"
"JT Chargois","Dodgers","0","0","0","2","0","1.2","5.40","5.40","5.40",".200","62.5 %","16.7 %","50.0 %","10.80","11.54","6.03","-0.1","13767"
"Blaine Hardy","Tigers","1","0","0","15","0","21.0","3.86","2.14","1.71",".159","52.2 %","54.7 %","18.2 %","5.14","5.47","4.99","-0.1","6499"
"Kyle Zimmer","Royals","0","1","0","3","0","2.0","9.00","22.50","0.00",".333","71.4 %","33.3 %","0.0 %","9.00","8.64","9.59","-0.1","14169"
"Alex McRae","Pirates","0","0","0","1","0","3.0","9.00","0.00","6.00",".167","100.0 %","12.5 %","40.0 %","6.00","10.80","5.32","-0.1","16317"
"Arodys Vizcaino","Braves","1","0","1","4","0","4.0","13.50","6.75","2.25",".286","100.0 %","12.5 %","16.7 %","2.25","5.64","5.25","-0.1","5498"
"Sam Coonrod","Giants","0","0","0","2","0","2.0","4.50","4.50","4.50",".200","100.0 %","50.0 %","50.0 %","4.50","10.14","5.55","-0.1","17264"
"Victor Caratini","Cubs","0","0","0","1","0","1.0","0.00","9.00","9.00",".250","62.5 %","20.0 %","33.3 %","18.00","19.14","11.86","-0.1","14968"
"Drew Anderson","Phillies","0","0","0","2","0","6.0","9.00","9.00","1.50",".294","66.0 %","44.4 %","25.0 %","7.50","6.30","5.41","-0.1","15130"
"Chase De Jong","Twins","0","0","0","1","0","1.0","0.00","27.00","9.00",".400","43.5 %","16.7 %","33.3 %","36.00","25.14","17.86","-0.1","15036"
"Pedro Araujo","Orioles","0","0","0","1","0","0.2","0.00","13.50","13.50",".500","62.5 %","66.7 %","100.0 %","27.00","27.14","10.50","-0.1","17697"
"Stephen Tarpley","Yankees","0","0","0","6","0","4.1","10.38","10.38","2.08",".417","62.5 %","46.2 %","33.3 %","10.38","7.29","5.61","-0.1","15859"
"Matt Wotherspoon","Orioles","0","0","0","1","0","2.0","0.00","4.50","4.50",".375","55.6 %","22.2 %","50.0 %","13.50","11.14","6.55","-0.1","16452"
"Clay Holmes","Pirates","0","0","0","6","0","13.0","9.00","4.85","1.38",".278","78.1 %","52.6 %","18.2 %","4.15","5.44","5.06","-0.1","13649"
"Jimmy Cordero","Blue Jays","0","1","0","1","0","1.1","0.00","0.00","6.75",".250","100.0 %","40.0 %","100.0 %","6.75","12.89","4.57","-0.1","15690"
"Tyler Webb","Cardinals","0","1","0","20","0","17.2","8.15","6.11","1.02",".163","67.7 %","48.9 %","14.3 %","4.58","5.00","5.05","-0.1","14974"
"Hanser Alberto","Orioles","0","0","0","1","0","1.0","0.00","18.00","9.00",".000","76.9 %","25.0 %","33.3 %","18.00","25.14","17.86","-0.1","11902"
"Justin Shafer","Blue Jays","0","1","0","2","0","2.2","3.38","16.88","0.00",".364","88.9 %","27.3 %","0.0 %","3.38","8.01","10.88","-0.1","16132"
"Jake Barrett","Yankees","0","0","0","2","0","3.2","9.82","4.91","4.91",".364","38.5 %","7.7 %","25.0 %","14.73","9.68","6.76","-0.1","13322"
"Sam Freeman","Angels","0","0","0","1","0","2.0","0.00","9.00","4.50",".250","100.0 %","44.4 %","50.0 %","4.50","12.64","8.05","-0.1","6832"
"Robert Stock","Padres","1","0","0","7","0","6.0","13.50","9.00","1.50",".375","43.1 %","58.8 %","20.0 %","9.00","5.30","4.73","-0.1","6576"
"Fernando Rodney","Athletics","0","2","0","17","0","14.1","8.79","7.53","1.26",".429","58.2 %","52.3 %","16.7 %","9.42","5.51","5.29","-0.1","494"
"Jacob Rhame","Mets","0","0","0","3","0","3.1","5.40","13.50","2.70",".222","75.8 %","33.3 %","20.0 %","8.10","10.34","9.30","-0.1","15267"
"Taylor Hearn","Rangers","0","1","0","1","1","0.1","0.00","108.00","0.00",".750","28.6 %","50.0 %","0.0 %","108.00","39.14","44.86","-0.1","18325"
"Scott Alexander","Dodgers","3","1","0","26","0","16.1","4.96","2.76","1.10",".250","82.4 %","63.0 %","22.2 %","3.31","4.73","4.19","-0.1","10591"
"Kyle McGowin","Nationals","0","0","1","3","1","10.0","9.90","1.80","2.70",".355","39.1 %","45.5 %","30.0 %","9.90","5.74","3.75","-0.1","15071"
"Kyle Freeland","Rockies","2","6","0","11","11","56.1","7.67","3.99","2.24",".276","62.9 %","41.2 %","20.0 %","6.71","6.10","5.24","-0.1","16256"
"Austin Adams","Twins","0","0","0","2","0","2.2","16.88","10.13","6.75",".400","47.6 %","42.9 %","50.0 %","16.88","12.51","5.63","-0.1","7411"
"Bryse Wilson","Braves","0","0","0","2","1","4.1","8.31","8.31","2.08",".364","65.8 %","33.3 %","25.0 %","8.31","7.06","5.82","-0.1","19990"
"Dominic Leone","Cardinals","0","0","0","20","0","21.1","11.39","4.64","2.11",".345","57.1 %","35.6 %","20.8 %","8.02","5.20","4.30","-0.1","13763"
"David Robertson","Phillies","0","1","0","7","0","6.2","8.10","8.10","1.35",".350","79.4 %","33.3 %","11.1 %","5.40","5.99","6.61","-0.1","8241"
"Wandy Peralta","Reds","0","1","0","24","0","20.1","7.97","2.66","1.77",".245","70.7 %","43.6 %","23.5 %","4.87","4.96","4.00","-0.1","14295"
"Pat Venditte","Giants","0","0","0","2","0","3.1","5.40","5.40","2.70",".273","39.5 %","36.4 %","16.7 %","16.20","10.34","9.87","-0.1","7108"
"Austin Pruitt","Rays","0","0","0","4","0","7.1","4.91","2.45","2.45",".273","55.6 %","60.9 %","33.3 %","7.36","6.41","4.43","-0.1","15290"
"Dan Otero","Indians","0","0","0","19","0","22.0","4.09","1.23","1.64",".299","86.6 %","56.8 %","18.2 %","3.27","5.14","4.68","-0.1","7385"
"Tyler Lyons","Pirates","1","1","0","3","0","4.0","11.25","6.75","2.25",".455","52.6 %","27.3 %","20.0 %","11.25","6.14","5.27","-0.1","11334"
"Sean Reid-Foley","Blue Jays","0","1","0","1","1","2.0","13.50","9.00","4.50",".429","35.7 %","37.5 %","33.3 %","13.50","11.14","7.50","-0.1","17034"
"Adalberto Mejia","Twins","0","1","0","11","0","11.1","8.74","7.15","1.59",".300","46.5 %","21.9 %","12.5 %","8.74","5.87","6.27","-0.1","13188"
"Ryan Garton","Mariners","0","0","0","2","0","3.0","3.00","3.00","6.00",".200","45.5 %","25.0 %","28.6 %","12.00","12.14","7.92","-0.1","14016"
"Chris Martin","Rangers","0","2","1","20","0","20.1","8.41","1.33","2.66",".296","90.4 %","51.7 %","37.5 %","4.43","5.55","3.21","-0.1","11847"
"Wily Peralta","Royals","2","2","1","24","0","25.0","5.04","4.68","1.08",".325","73.4 %","47.5 %","11.5 %","5.04","5.14","5.56","-0.1","7738"
"Hunter Strickland","Mariners","0","1","2","3","0","2.1","11.57","0.00","3.86",".200","0.0 %","16.7 %","25.0 %","11.57","7.42","5.12","-0.1","7836"
"Keone Kela","Pirates","1","0","0","14","0","11.2","8.49","3.09","2.31",".250","83.3 %","37.1 %","18.8 %","4.63","5.62","4.90","-0.1","14696"
"Allen Webster","Cubs","0","0","1","12","0","11.0","7.36","4.09","1.64",".343","75.6 %","56.8 %","22.2 %","4.91","5.50","4.70","-0.1","3993"
"Tanner Scott","Orioles","0","0","0","8","0","6.2","16.20","10.80","2.70",".600","74.1 %","41.2 %","50.0 %","6.75","7.04","4.28","-0.1","17586"
"Chris Owings","Royals","0","0","0","1","0","1.2","0.00","5.40","10.80",".444","71.4 %","9.1 %","40.0 %","21.60","20.54","10.66","-0.1","10030"
"Justus Sheffield","Mariners","0","0","0","1","0","3.0","9.00","12.00","3.00",".167","87.0 %","57.1 %","33.3 %","6.00","9.47","7.05","-0.1","17285"
"Mike Mayers","Cardinals","0","1","0","8","0","8.1","8.64","5.40","2.16",".320","83.3 %","18.5 %","14.3 %","5.40","6.50","6.58","-0.1","15451"
"Enyel De Los Santos","Phillies","0","0","0","4","0","7.0","9.00","2.57","3.86",".188","79.0 %","42.1 %","37.5 %","6.43","7.57","4.18","-0.1","18403"
"Brock Stewart","Dodgers","0","0","0","3","0","4.0","6.75","4.50","4.50",".500","36.6 %","43.8 %","25.0 %","18.00","9.64","6.95","-0.1","16727"
"Brad Boxberger","Royals","0","3","1","21","0","21.0","8.57","6.00","1.29",".276","69.4 %","38.3 %","11.1 %","5.57","5.09","5.69","-0.1","10133"
"Brad Wieck","Padres","0","0","0","20","0","16.0","11.25","2.81","2.25",".300","67.1 %","34.1 %","20.0 %","6.19","5.01","4.15","-0.1","16390"
"Edinson Volquez","Rangers","0","0","0","2","2","7.2","7.04","9.39","2.35",".348","79.0 %","36.0 %","25.0 %","7.04","8.09","6.69","-0.1","3990"
"Gregory Soto","Tigers","0","2","0","4","4","13.2","7.24","4.61","2.63",".383","51.3 %","36.0 %","21.1 %","11.20","6.87","5.72","-0.1","19677"
"Dennis Santana","Dodgers","0","0","0","3","0","5.0","10.80","7.20","1.80",".357","75.5 %","40.0 %","25.0 %","7.20","6.94","5.86","-0.1","17878"
"Jose Ruiz","White Sox","0","0","0","13","0","12.1","6.57","5.11","2.19",".400","88.7 %","21.7 %","13.0 %","5.11","6.79","7.18","-0.1","14552"
"Pat Neshek","Phillies","0","1","3","19","0","17.1","4.67","0.52","2.08",".295","74.7 %","42.2 %","16.0 %","4.67","5.27","5.02","-0.1","4682"
"Jorge Lopez","Royals","0","6","0","12","10","56.2","9.05","3.49","2.06",".329","65.0 %","40.9 %","23.2 %","6.67","5.54","4.44","-0.1","14527"
"Shawn Armstrong","- - -","0","1","1","15","0","14.2","8.59","5.52","1.84",".293","76.9 %","27.9 %","15.0 %","5.52","5.93","5.88","-0.1","12857"
"Daniel Zamora","Mets","0","0","0","11","0","6.0","9.00","6.00","1.50",".389","77.6 %","33.3 %","11.1 %","6.00","5.80","6.50","-0.1","17811"
"A.J. Minter","Braves","0","4","3","15","0","11.0","13.09","7.36","1.64",".469","60.3 %","26.5 %","15.4 %","9.82","5.05","4.94","-0.1","18655"
"Corey Oswalt","Mets","0","1","0","2","0","6.2","6.75","8.10","1.35",".364","44.1 %","40.9 %","14.3 %","12.15","6.29","6.34","-0.1","13677"
"Dan Jennings","Nationals","1","2","0","8","0","4.2","17.36","13.50","1.93",".500","54.8 %","50.0 %","50.0 %","13.50","7.21","5.24","-0.1","8073"
"Carson Fulmer","White Sox","1","1","0","8","0","10.1","9.58","9.58","0.87",".303","63.6 %","50.0 %","9.1 %","6.97","6.33","7.10","-0.1","18311"
"Caleb Frare","White Sox","0","0","0","5","0","2.2","10.13","13.50","3.38",".167","65.2 %","28.6 %","25.0 %","10.13","10.26","8.25","-0.1","14353"
"Nick Tropeano","Angels","0","0","0","1","0","5.0","7.20","3.60","3.60",".231","95.2 %","26.7 %","33.3 %","5.40","7.94","5.03","-0.1","12385"
"Erasmo Ramirez","Red Sox","0","0","0","1","0","3.0","3.00","3.00","6.00",".200","62.5 %","45.5 %","50.0 %","12.00","13.14","7.02","-0.1","10314"
"Joshua James","Astros","2","0","0","20","0","30.0","13.80","5.40","2.10",".268","74.5 %","33.3 %","23.3 %","5.10","5.10","3.98","-0.1","16794"
"Wade LeBlanc","Mariners","2","2","0","6","6","28.1","7.31","2.54","2.54",".330","64.3 %","34.3 %","19.0 %","6.99","6.03","5.19","-0.1","5221"
"Jeremy Hellickson","Nationals","2","3","0","9","8","39.0","6.92","4.62","2.08",".309","66.8 %","38.9 %","17.0 %","6.23","6.21","5.81","-0.1","4371"
"Chris Flexen","Mets","0","2","0","2","1","5.2","1.59","12.71","0.00",".360","52.9 %","28.0 %","0.0 %","11.12","7.02","10.39","-0.1","13896"
"Nate Jones","White Sox","0","1","1","13","0","10.1","8.71","6.10","1.74",".296","92.1 %","51.7 %","20.0 %","3.48","6.04","5.37","-0.1","4696"
"Yefry Ramirez","Orioles","0","2","0","4","1","10.1","9.58","7.84","1.74",".360","67.7 %","42.3 %","20.0 %","6.97","6.72","6.05","-0.1","15655"
"Jay Jackson","Brewers","0","0","0","3","0","2.1","11.57","3.86","7.71",".286","31.3 %","33.3 %","66.7 %","19.29","14.28","5.59","-0.2","7432"
"Jose Alvarez","Phillies","0","1","1","22","0","20.2","6.53","2.61","1.74",".313","78.7 %","45.6 %","17.4 %","3.92","5.22","4.83","-0.2","5358"
"Parker Markel","Mariners","0","0","0","4","0","3.2","7.36","7.36","4.91",".500","58.8 %","25.0 %","33.3 %","14.73","11.86","7.90","-0.2","12106"
"Austen Williams","Nationals","0","0","0","2","0","0.1","27.00","27.00","54.00","1.000","0.0 %","40.0 %","100.0 %","162.00","84.14","17.59","-0.2","16309"
"Jose Fernandez","Tigers","0","0","0","4","0","3.2","4.91","12.27","2.45",".357","37.7 %","20.0 %","10.0 %","17.18","10.50","12.16","-0.2","14733"
"Sam Gaviglio","Blue Jays","3","1","0","19","0","36.0","8.75","1.50","2.25",".226","82.7 %","45.1 %","20.9 %","4.00","5.11","4.14","-0.2","12778"
"Miguel Castro","Orioles","0","1","1","23","0","26.1","8.54","4.44","2.05",".316","66.5 %","47.6 %","22.2 %","6.84","5.68","4.68","-0.2","15684"
"Chasen Bradford","Mariners","0","0","1","10","0","13.2","6.59","1.98","2.63",".256","87.7 %","48.8 %","26.7 %","4.61","6.14","4.43","-0.2","12452"
"Kohl Stewart","Twins","1","1","0","2","2","12.0","2.25","3.75","2.25",".268","74.3 %","55.8 %","27.3 %","6.00","7.14","5.64","-0.2","15502"
"Yimi Garcia","Dodgers","0","2","0","23","0","22.2","8.34","3.57","1.99",".164","66.7 %","37.3 %","16.1 %","4.76","5.61","5.35","-0.2","12095"
"Steven Brault","Pirates","2","1","0","9","3","30.2","7.63","5.28","1.47",".299","70.5 %","37.5 %","14.7 %","5.87","5.52","5.51","-0.2","15291"
"Brian Johnson","Red Sox","1","0","0","4","0","5.2","11.12","4.76","4.76",".412","56.8 %","30.0 %","27.3 %","12.71","9.14","5.96","-0.2","14272"
"Marco Estrada","Athletics","0","2","0","5","5","23.2","4.18","3.04","2.66",".208","62.0 %","19.3 %","12.7 %","6.85","7.45","8.04","-0.2","1118"
"Aaron Brooks","Athletics","2","3","0","9","6","37.1","7.71","3.13","2.41",".280","71.8 %","39.7 %","20.8 %","5.79","5.95","4.92","-0.2","12272"
"Joe Ross","Nationals","0","0","0","16","0","13.2","7.90","5.27","1.32",".349","53.4 %","51.1 %","14.3 %","9.22","5.92","5.97","-0.2","12972"
"Josh Rogers","Orioles","0","0","0","1","0","3.2","2.45","2.45","7.36",".091","55.6 %","21.4 %","37.5 %","12.27","14.86","8.39","-0.2","18510"
"Jerry Blevins","Braves","0","0","0","12","0","7.0","10.29","9.00","1.29",".278","79.4 %","16.7 %","10.0 %","5.14","6.14","7.01","-0.2","7841"
"Jairo Diaz","Rockies","1","0","0","4","0","4.2","7.71","1.93","3.86",".083","100.0 %","50.0 %","40.0 %","3.86","8.28","4.75","-0.2","12774"
"Ryan Dull","Athletics","0","0","0","6","0","7.0","9.00","2.57","3.86",".480","72.5 %","33.3 %","27.3 %","10.29","7.99","5.42","-0.2","13974"
"Carl Edwards Jr.","Cubs","1","1","0","14","0","10.2","10.13","5.06","2.53",".167","34.1 %","18.5 %","21.4 %","7.59","6.23","5.08","-0.2","13607"
"Dan Altavilla","Mariners","0","0","0","2","0","0.2","0.00","67.50","0.00",".500","57.1 %","100.0 %","0.0 %","40.50","25.64","25.64","-0.2","16507"
"Chris Stratton","- - -","1","2","0","11","5","37.2","7.17","4.78","1.91",".382","65.8 %","37.5 %","17.8 %","7.88","5.90","5.42","-0.2","13761"
"Ruben Alaniz","Mariners","0","0","0","4","0","4.0","13.50","6.75","6.75",".615","40.8 %","43.8 %","50.0 %","20.25","12.14","5.25","-0.2","10819"
"Shelby Miller","Rangers","1","3","0","11","8","32.2","6.34","6.61","1.65",".333","54.5 %","35.9 %","12.2 %","9.64","6.50","6.98","-0.2","10197"
"Kevin McCarthy","Royals","1","1","0","10","0","8.2","3.12","6.23","1.04",".412","68.0 %","35.3 %","9.1 %","8.31","6.37","7.29","-0.2","15240"
"John Ryan Murphy","Diamondbacks","0","0","0","2","0","3.0","0.00","9.00","9.00",".438","45.5 %","10.5 %","27.3 %","27.00","19.14","13.14","-0.2","10346"
"Tyler Chatwood","Cubs","3","0","1","14","1","29.1","7.36","5.52","1.23",".237","90.1 %","53.8 %","26.7 %","2.76","5.11","4.32","-0.2","4338"
"Tyler Bashlor","Mets","0","2","0","11","0","11.0","9.82","4.09","2.45",".160","76.9 %","35.7 %","20.0 %","4.91","5.86","4.92","-0.2","15203"
"Drew VerHagen","Tigers","1","0","0","10","0","6.0","10.50","15.00","1.50",".474","53.8 %","45.0 %","20.0 %","15.00","7.97","7.39","-0.2","13424"
"Noe Ramirez","Angels","2","0","0","17","0","25.1","10.30","3.91","2.49",".279","87.8 %","30.9 %","22.6 %","4.62","5.86","4.60","-0.2","12800"
"Justin Wilson","Mets","1","1","1","10","0","9.1","8.68","3.86","1.93",".280","73.8 %","52.0 %","25.0 %","4.82","5.92","4.77","-0.2","4301"
"Joe Kelly","Dodgers","1","2","0","19","0","18.1","8.84","3.93","1.96",".397","59.2 %","56.5 %","33.3 %","8.35","5.48","3.90","-0.2","9761"
"Vince Velasquez","Phillies","2","2","0","9","6","33.0","9.82","4.64","2.45",".277","88.2 %","34.4 %","21.4 %","4.64","6.14","5.02","-0.2","11189"
"Neil Ramirez","Indians","0","1","0","16","0","16.2","9.72","4.86","2.70",".302","80.0 %","25.0 %","17.9 %","5.40","6.50","5.80","-0.2","7677"
"Wes Parsons","Braves","1","2","0","15","0","14.1","7.53","6.91","1.26",".265","78.1 %","44.4 %","14.3 %","3.77","5.58","5.63","-0.2","14764"
"Ryan Brasier","Red Sox","2","2","6","25","0","22.2","7.15","2.78","1.99",".197","73.7 %","29.2 %","13.9 %","3.97","5.61","5.77","-0.2","5615"
"Ty Blach","Giants","0","0","0","1","0","3.1","2.70","8.10","5.40",".357","41.7 %","31.3 %","22.2 %","18.90","13.04","10.39","-0.2","14361"
"Josh Osich","White Sox","0","0","0","13","0","16.1","7.16","2.20","2.76",".250","84.6 %","38.8 %","22.7 %","4.96","6.26","4.85","-0.2","11528"
"Daniel Hudson","Blue Jays","3","2","0","26","1","26.0","7.96","4.85","1.73",".236","80.0 %","46.1 %","15.6 %","3.81","5.60","5.45","-0.2","7146"
"Tyler Beede","Giants","0","1","0","3","1","6.2","13.50","10.80","2.70",".522","57.3 %","44.0 %","25.0 %","13.50","7.64","6.03","-0.2","16981"
"Dylan Covey","White Sox","0","4","0","7","5","26.1","4.44","6.15","1.71",".175","63.3 %","35.7 %","14.7 %","5.47","6.67","6.66","-0.2","14825"
"Jake Newberry","Royals","0","0","0","11","0","16.0","7.31","1.69","2.81",".261","92.3 %","35.3 %","18.5 %","4.50","6.14","5.30","-0.2","15136"
"Mike Wright Jr.","- - -","0","1","1","17","0","24.1","9.99","4.07","2.22",".416","56.3 %","42.2 %","20.7 %","9.25","5.73","4.80","-0.2","12586"
"Ryan Carpenter","Tigers","0","2","0","4","4","19.0","7.11","2.84","2.84",".271","55.6 %","35.4 %","24.0 %","7.58","6.93","5.33","-0.2","12699"
"Jimmy Yacabonis","Orioles","1","1","0","11","0","17.2","4.58","3.57","2.04",".298","72.7 %","31.1 %","13.3 %","6.11","6.42","6.72","-0.2","15157"
"Jose Quijada","Marlins","0","1","0","4","0","4.0","9.00","11.25","2.25",".250","100.0 %","33.3 %","25.0 %","2.25","8.89","7.55","-0.2","19200"
"Adam Plutko","Indians","1","1","0","2","2","11.1","5.56","1.59","3.97",".250","88.9 %","27.0 %","29.4 %","6.35","8.43","5.56","-0.2","15846"
"Adam Kolarek","Rays","2","1","0","27","0","18.1","5.40","3.44","1.47",".271","79.8 %","65.0 %","27.3 %","4.42","5.54","4.55","-0.3","10843"
"Jake Jewell","Angels","0","0","0","4","0","4.2","9.64","5.79","5.79",".308","58.8 %","68.8 %","75.0 %","13.50","11.92","5.20","-0.3","16958"
"Alex Wilson","Brewers","1","1","1","13","0","11.1","10.32","7.15","2.38",".375","60.6 %","40.0 %","30.0 %","9.53","6.67","4.91","-0.3","9239"
"Andrew Suarez","Giants","0","2","0","2","2","10.0","6.30","6.30","2.70",".313","50.6 %","34.3 %","27.3 %","9.00","7.74","5.94","-0.3","18300"
"Jon Edwards","Indians","2","0","0","8","0","7.1","6.14","7.36","2.45",".158","100.0 %","42.9 %","25.0 %","2.45","8.59","7.13","-0.3","1483"
"Mychal Givens","Orioles","0","3","4","20","0","23.2","11.79","4.94","2.28",".308","76.1 %","44.8 %","28.6 %","5.70","5.59","3.99","-0.3","10430"
"Reed Garrett","Tigers","0","0","0","13","0","15.1","5.87","7.63","1.76",".420","68.1 %","43.4 %","13.0 %","8.22","7.12","7.43","-0.3","16866"
"Nick Rumbelow","Mariners","0","0","1","3","0","1.1","13.50","6.75","13.50",".250","0.0 %","16.7 %","66.7 %","27.00","21.89","6.68","-0.3","14867"
"Matt Harvey","Angels","2","4","0","10","10","48.0","6.56","3.94","2.06",".281","57.8 %","41.0 %","22.4 %","7.50","6.16","5.13","-0.3","11713"
"Erik Swanson","Mariners","1","5","0","7","6","31.1","6.89","1.44","3.16",".284","43.9 %","32.4 %","23.4 %","8.04","6.65","4.95","-0.3","16587"
"Geoff Hartlieb","Pirates","0","0","0","5","0","6.0","7.50","6.00","4.50",".455","54.7 %","40.0 %","37.5 %","15.00","9.97","6.02","-0.3","19558"
"Chad Sobotka","Braves","0","0","0","13","0","12.0","12.75","6.75","2.25",".345","57.7 %","46.9 %","25.0 %","8.25","6.55","5.21","-0.3","17470"
"Edwin Jackson","Blue Jays","0","2","0","3","3","14.0","5.14","1.93","3.21",".326","50.0 %","47.1 %","27.8 %","9.00","7.71","5.52","-0.3","1841"
"Trevor Rosenthal","Nationals","0","1","0","7","0","3.0","9.00","27.00","0.00",".538","36.8 %","30.8 %","0.0 %","36.00","13.14","15.68","-0.3","10745"
"Nick Pivetta","Phillies","3","1","0","5","5","23.1","8.49","3.86","2.70",".370","69.1 %","42.3 %","26.9 %","7.71","6.69","4.92","-0.3","15454"
"Dan Winkler","Braves","1","1","0","20","0","15.2","10.34","5.17","2.30",".243","67.1 %","26.8 %","23.5 %","6.32","5.88","4.63","-0.3","12237"
"Matt Grace","Nationals","0","1","0","27","0","22.2","7.15","3.18","1.99",".333","59.4 %","49.4 %","25.0 %","7.54","5.61","4.42","-0.3","11449"
"Jeurys Familia","Mets","2","0","0","23","0","22.2","8.34","6.75","1.19",".328","71.4 %","53.2 %","16.7 %","5.56","5.52","5.31","-0.3","5114"
"Kyle Barraclough","Nationals","1","2","0","28","0","21.1","10.97","4.64","2.11",".367","75.8 %","40.6 %","19.2 %","5.48","5.57","4.85","-0.3","13713"
"Nick Margevicius","Padres","2","5","0","9","9","45.1","6.55","2.98","2.18",".265","76.6 %","42.7 %","21.2 %","4.96","6.03","5.06","-0.3","20395"
"Elvis Luciano","Blue Jays","1","0","0","15","0","19.2","7.78","8.24","1.37",".365","72.4 %","37.9 %","11.5 %","7.32","6.59","7.13","-0.3","20632"
"Luis Garcia","Angels","1","1","1","21","0","19.0","6.16","6.16","1.42",".208","88.7 %","41.1 %","14.3 %","3.32","6.19","6.25","-0.3","6984"
"Tim Hill","Royals","0","0","0","6","0","4.0","6.75","9.00","2.25",".273","81.4 %","54.5 %","25.0 %","6.75","9.39","8.05","-0.3","16814"
"Drew Smyly","Rangers","1","3","0","9","7","38.2","9.08","6.28","2.33",".287","69.1 %","26.3 %","17.9 %","6.98","6.65","6.06","-0.3","11760"
"Kyle Dowdy","Rangers","2","1","0","13","1","22.1","6.85","7.25","1.61",".314","63.5 %","43.8 %","21.1 %","7.25","6.49","5.79","-0.3","19285"
"Alex Reyes","Cardinals","0","1","0","4","0","3.0","3.00","18.00","3.00",".111","45.5 %","30.0 %","20.0 %","15.00","12.80","11.65","-0.3","15015"
"Nathan Eovaldi","Red Sox","0","0","0","4","4","21.0","6.86","4.71","2.57",".254","73.2 %","47.7 %","25.0 %","6.00","7.04","5.51","-0.3","9132"
"Wei-Yin Chen","Marlins","0","1","0","13","0","18.1","8.84","3.44","2.45",".397","60.0 %","38.1 %","20.8 %","9.33","6.19","5.14","-0.3","13071"
"Mike Foltynewicz","Braves","1","3","0","6","6","33.1","6.48","2.16","2.70",".238","60.0 %","35.8 %","20.4 %","5.67","6.50","5.40","-0.3","10811"
"Nick Vincent","Giants","0","2","0","18","1","30.2","8.80","2.35","2.05",".322","72.6 %","38.5 %","21.2 %","5.58","5.22","4.31","-0.3","7555"
"Heath Fillmyer","Royals","0","1","0","4","3","15.0","4.20","3.00","3.00",".302","61.9 %","43.1 %","26.3 %","9.00","7.94","6.02","-0.3","17466"
"Corbin Martin","Astros","1","1","0","4","4","16.1","8.82","4.96","3.31",".289","81.6 %","45.1 %","31.6 %","5.51","7.61","5.05","-0.3","19884"
"Drew Pomeranz","Giants","1","5","0","9","9","37.2","9.80","4.54","2.15",".352","74.0 %","40.2 %","23.1 %","6.45","5.82","4.69","-0.3","11426"
"Tyler Anderson","Rockies","0","3","0","5","5","20.2","10.02","4.79","3.48",".391","51.8 %","41.4 %","34.8 %","11.76","7.54","4.63","-0.3","12880"
"Kyle Wright","Braves","0","2","0","3","3","14.0","7.07","6.43","2.57",".282","73.5 %","45.2 %","26.7 %","7.07","7.64","5.97","-0.3","19665"
"Seunghwan Oh","Rockies","2","1","0","20","0","17.1","7.79","2.60","3.12",".397","58.6 %","37.5 %","26.1 %","9.87","6.77","4.80","-0.3","18719"
"Chad Green","Yankees","0","2","0","17","3","15.1","9.98","2.93","3.52",".391","55.1 %","46.2 %","30.0 %","10.57","7.57","4.97","-0.3","15552"
"Justin Miller","Nationals","1","0","0","17","0","15.2","6.32","2.30","2.87",".256","93.3 %","19.1 %","17.9 %","4.02","7.03","6.29","-0.4","8580"
"Andrew Miller","Cardinals","2","2","1","24","0","19.1","11.64","4.66","2.33",".300","82.6 %","35.6 %","33.3 %","4.19","5.93","4.05","-0.4","6785"
"Caleb Ferguson","Dodgers","0","1","0","17","1","16.2","8.64","5.94","2.16",".319","80.3 %","38.0 %","23.5 %","5.94","6.86","5.68","-0.4","19349"
"Michael Wacha","Cardinals","3","2","0","10","9","47.2","8.50","6.04","2.27",".314","69.8 %","42.2 %","24.0 %","6.61","6.54","5.27","-0.4","14078"
"Ryan Tepera","Blue Jays","0","2","0","12","0","11.0","7.36","4.91","3.27",".250","80.7 %","34.3 %","26.7 %","6.55","7.86","5.74","-0.4","10291"
"Dereck Rodriguez","Giants","3","5","0","9","8","43.0","5.86","3.56","1.88",".256","66.1 %","42.8 %","19.6 %","4.81","5.81","5.13","-0.4","14509"
"Kyle Bird","Rangers","0","0","1","6","0","6.2","6.75","13.50","2.70",".118","83.3 %","42.1 %","22.2 %","6.75","10.94","9.61","-0.4","16618"
"Alex Claudio","Brewers","1","2","0","29","0","21.1","6.75","3.38","2.11",".250","62.5 %","58.2 %","27.8 %","6.33","6.09","4.65","-0.4","12890"
"Shane Carle","Braves","0","0","0","6","0","9.1","5.79","8.68","2.89",".286","69.2 %","45.2 %","33.3 %","9.64","9.89","7.55","-0.4","15258"
"Zach Duke","Reds","2","1","0","22","0","15.2","5.17","6.32","1.72",".277","72.6 %","49.0 %","27.3 %","6.32","6.97","5.82","-0.4","3840"
"Jonny Venters","Braves","0","0","1","9","0","4.2","13.50","15.43","5.79",".462","31.3 %","50.0 %","42.9 %","17.36","13.64","8.14","-0.4","7175"
"Ervin Santana","White Sox","0","2","0","3","3","13.1","3.38","4.05","4.05",".277","66.3 %","32.1 %","20.0 %","9.45","9.59","8.03","-0.4","3200"
"Manny Banuelos","White Sox","2","4","0","10","6","35.0","9.26","5.66","2.57",".366","69.2 %","35.0 %","26.3 %","7.71","6.68","5.04","-0.4","5365"
"Victor Alcantara","Tigers","2","0","0","28","0","24.2","4.74","4.01","2.19",".240","79.7 %","45.7 %","19.4 %","5.11","6.70","5.94","-0.5","15028"
"Cody Allen","Angels","0","2","4","20","0","18.0","11.50","8.00","3.00",".244","93.5 %","20.0 %","18.2 %","5.00","7.58","6.75","-0.5","12183"
"David Hess","Orioles","1","6","0","11","10","51.0","7.76","3.35","3.18",".255","63.5 %","27.7 %","21.4 %","6.71","7.12","5.67","-0.5","16130"
"Matt Koch","Diamondbacks","0","0","0","9","0","20.2","3.92","1.74","3.48",".300","63.4 %","35.9 %","23.5 %","9.15","8.60","6.71","-0.5","13420"
"Zac Reininger","Tigers","0","0","0","13","0","15.0","2.40","3.60","3.60",".339","70.8 %","37.1 %","28.6 %","9.00","9.00","6.48","-0.5","15285"
"Drew Steckenrider","Marlins","0","2","0","15","0","14.1","8.79","3.14","3.77",".094","75.8 %","31.6 %","24.0 %","6.28","7.88","5.77","-0.6","18806"
"Trevor Cahill","Angels","2","5","0","11","11","53.1","7.26","3.04","2.70",".252","65.3 %","40.6 %","25.0 %","6.92","6.61","5.00","-0.6","6249"
"Corbin Burnes","Brewers","1","3","0","14","4","32.0","13.22","4.50","3.94",".372","63.5 %","41.6 %","42.4 %","9.28","7.39","3.67","-0.6","19361"
"Anthony Swarzak","- - -","2","2","3","19","0","18.0","11.50","4.50","3.50",".220","85.5 %","39.6 %","35.0 %","4.50","7.14","4.20","-0.6","7466"
"Alex Cobb","Orioles","0","2","0","3","3","12.1","5.84","1.46","6.57",".293","67.3 %","46.0 %","60.0 %","10.95","11.81","4.65","-0.6","6562"
"Derek Holland","Giants","1","4","0","13","7","45.2","9.85","5.32","2.56",".278","64.0 %","34.4 %","23.2 %","6.90","6.68","5.32","-0.7","4141"
"Dan Straily","Orioles","2","4","0","10","8","38.2","5.12","4.19","3.26",".313","68.0 %","26.9 %","18.7 %","8.38","8.18","7.18","-0.7","9460"
"Adam Warren","Padres","3","1","0","22","0","22.2","8.34","4.37","3.18",".258","84.0 %","44.9 %","34.8 %","5.56","7.33","4.68","-0.8","9029"
"Richard Rodriguez","Pirates","0","3","1","25","0","21.1","8.02","3.80","3.38",".254","87.2 %","37.3 %","26.7 %","5.06","7.64","5.45","-0.8","13549"
